업태별(1),주소지별(1),2014,2014,2014,2014,2014,2014,2014,2014,2014,2015,2015,2015,2015,2015,2015,2015,2015,2015,2016,2016,2016,2016,2016,2016,2016,2016,2016,2017,2017,2017,2017,2017,2017,2017,2017,2017,2018,2018,2018,2018,2018,2018,2018,2018,2018
업태별(1),주소지별(1),합계,합계,합계,과세소득,과세소득,과세소득,결손소득,결손소득,결손소득,합계,합계,합계,과세소득,과세소득,과세소득,결손소득,결손소득,결손소득,합계,합계,합계,과세소득,과세소득,과세소득,결손소득,결손소득,결손소득,합계,합계,합계,과세소득,과세소득,과세소득,결손소득,결손소득,결손소득,합계,합계,합계,과세소득,과세소득,과세소득,결손소득,결손소득,결손소득
업태별(1),주소지별(1),건수 (건),총수입금액 (백만원),소득금액 (백만원),건수 (건),총수입금액 (백만원),소득금액 (백만원),건수 (건),총수입금액 (백만원),소득금액 (백만원),건수 (건),총수입금액 (백만원),소득금액 (백만원),건수 (건),총수입금액 (백만원),소득금액 (백만원),건수 (건),총수입금액 (백만원),소득금액 (백만원),건수 (건),총수입금액 (백만원),소득금액 (백만원),건수 (건),총수입금액 (백만원),소득금액 (백만원),건수 (건),총수입금액 (백만원),소득금액 (백만원),건수 (건),총수입금액 (백만원),소득금액 (백만원),건수 (건),총수입금액 (백만원),소득금액 (백만원),건수 (건),총수입금액 (백만원),소득금액 (백만원),건수 (건),총수입금액 (백만원),소득금액 (백만원),건수 (건),총수입금액 (백만원),소득금액 (백만원),건수 (건),총수입금액 (백만원),소득금액 (백만원)
합계,합계,5799745,830924682,87735610,5414901,795581600,92710012,384844,35343082,-4974402,6264906,867048527,102028813,5870478,831101529,108431065,394428,35946998,-6402252,6770749,917743199,108260115,6347889,880652031,113878380,422860,37091168,-5618265,7345113,957620026,116424497,6852307,917786602,122756368,492806,39833424,-6331871,7345113,957620026,116424497,6852307,917786602,122756368,492806,39833424,-6331871
합계,서울,1450096,184981596,24083270,1338174,175089818,25753175,111922,9891778,-1669905,1537652,192281923,27821777,1424913,182331125,29639062,112739,9950798,-1817285,1637038,201515303,29464956,1522028,191914754,31208641,115010,9600549,-1743685,1749760,207356458,31073704,1620682,197620368,32950502,129078,9736090,-1876798,1749760,207356458,31073704,1620682,197620368,32950502,129078,9736090,-1876798
합계,인천,325982,47720309,4460501,305748,45782896,4732865,20234,1937413,-272364,356325,50682054,5361465,335698,48766680,5678244,20627,1915374,-316779,392253,54164279,5806681,369820,52096090,6121399,22433,2068189,-314718,433198,57507440,6359581,406494,55172437,6753192,26704,2335003,-393611,433198,57507440,6359581,406494,55172437,6753192,26704,2335003,-393611
합계,경기,1502892,210419107,21321530,1397213,200775364,22750591,105679,9643743,-1429061,1649002,220429879,25272340,1539120,210482553,26875322,109882,9947326,-1602982,1813947,234826187,27190543,1696013,224484883,28802470,117934,10341304,-1611927,2014465,252424228,30139514,1876313,241375247,31929219,138152,11048981,-1789705,2014465,252424228,30139514,1876313,241375247,31929219,138152,11048981,-1789705
합계,강원,150594,17945696,1793716,142768,17325665,1857406,7826,620031,-63690,161541,18882944,2157095,153532,18278332,2226427,8009,604612,-69332,173348,20212095,2307659,164422,19577875,2385069,8926,634220,-77410,185947,21792593,2556794,175626,21084012,2636427,10321,708581,-79633,185947,21792593,2556794,175626,21084012,2636427,10321,708581,-79633
합계,대전,159974,21515903,2296594,150834,20756557,2381804,9140,759346,-85210,168032,22071339,2592134,158758,21312231,2695625,9274,759108,-103491,179704,23118110,2712738,169879,22284440,2816285,9825,833670,-103547,193035,24177230,2909051,181715,23360346,3027719,11320,816884,-118668,193035,24177230,2909051,181715,23360346,3027719,11320,816884,-118668
합계,충북,149030,20153020,1994056,140391,19365489,2076496,8639,787531,-82440,160733,21165945,2379880,152080,20388732,2470153,8653,777213,-90273,172968,22343969,2476271,163516,21495562,2564677,9452,848407,-88406,187427,23928415,2718561,176625,23013670,2817883,10802,914745,-99322,187427,23928415,2718561,176625,23013670,2817883,10802,914745,-99322
합계,충남,192668,28293254,2635519,181151,27290105,2752037,11517,1003149,-116518,208945,29641635,3153742,197421,28567505,3279188,11524,1074130,-125446,229878,31193121,3354939,216952,30068083,3485494,12926,1125038,-130555,254524,33606902,3702512,239387,32344799,3870572,15137,1262103,-168060,254524,33606902,3702512,239387,32344799,3870572,15137,1262103,-168060
합계,세종,15420,1881088,189824,14284,1802854,200422,1136,78234,-10598,23173,2544303,291563,21304,2400748,314644,1869,143555,-23081,28721,3136348,365264,26330,2971546,390972,2391,164802,-25708,36772,3864730,467600,33394,3683870,502581,3378,180860,-34981,36772,3864730,467600,33394,3683870,502581,3378,180860,-34981
합계,광주,149341,20432449,2060096,140307,19816519,2158862,9034,615930,-98766,160797,21303250,2408689,151304,20665453,2509501,9493,637797,-100812,172709,22522046,2569861,162465,21861156,2660729,10244,660890,-90868,184765,23676820,2744408,172329,23005919,2864317,12436,670901,-119909,184765,23676820,2744408,172329,23005919,2864317,12436,670901,-119909
합계,전북,164692,22946147,2056386,153014,22024568,2177687,11678,921579,-121301,179307,23861671,2448544,167220,22977674,2564371,12087,883997,-115827,191399,24825126,2534558,178755,23919664,2659139,12644,905462,-124581,204044,26270072,2658157,189244,25303733,2829791,14800,966339,-171634,204044,26270072,2658157,189244,25303733,2829791,14800,966339,-171634
합계,전남,150594,20718012,1848473,141712,20111184,1915145,8882,606828,-66672,164181,21889238,2206357,155149,21214835,2286548,9032,674403,-80191,178141,22826572,2318795,168176,22207973,2391728,9965,618599,-72933,190000,24512932,2547787,178390,23812755,2634251,11610,700177,-86464,190000,24512932,2547787,178390,23812755,2634251,11610,700177,-86464
합계,대구,270834,51763290,5217745,257049,50201299,5398305,13785,1561991,-180560,291018,53392219,6075346,276494,51808735,6289954,14524,1583484,-214608,307925,55122728,6187422,291665,53437597,6421845,16260,1685131,-234423,328778,57317050,6474969,309159,55287233,6736344,19619,2029817,-261375,328778,57317050,6474969,309159,55287233,6736344,19619,2029817,-261375
합계,경북,228720,35283927,3284549,216712,34122465,3381586,12008,1161462,-97037,248457,36245420,3736851,236086,34971145,3869312,12371,1274275,-132461,266209,37296009,3854252,252391,35941903,3984990,13818,1354106,-130738,286332,39556099,4172723,269115,38090343,4327212,17217,1465756,-154489,286332,39556099,4172723,269115,38090343,4327212,17217,1465756,-154489
합계,부산,384889,65747618,6595948,361267,63080377,6941698,23622,2667241,-345750,407808,67291987,6772785,383973,64748792,7985674,23835,2543195,-1212889,434631,69050965,7654195,408834,66363596,8085281,25797,2687369,-431086,460201,70961627,8021302,429887,67942359,8501212,30314,3019268,-479910,460201,70961627,8021302,429887,67942359,8501212,30314,3019268,-479910
합계,울산,113846,17228522,1835856,108519,16698318,1904044,5327,530204,-68188,122959,18245560,2148013,117337,17617935,2229700,5622,627625,-81687,132490,18145950,2109703,126053,17480563,2192088,6437,665387,-82385,140348,18416389,2133803,132559,17659420,2226942,7789,756969,-93139,140348,18416389,2133803,132559,17659420,2226942,7789,756969,-93139
합계,경남,327533,54375686,5135883,307720,52223945,5359935,19813,2151741,-224052,353677,56075871,5952441,333558,53933764,6213091,20119,2142107,-260650,379112,64894829,5904176,356176,62447897,6196721,22936,2446932,-292545,406453,58651111,6173466,379501,55966004,6487971,26952,2685107,-314505,406453,58651111,6173466,379501,55966004,6487971,26952,2685107,-314505
합계,제주,62640,9519058,925664,58038,9114177,967954,4602,404881,-42290,71299,11043289,1249791,66531,10635290,1304249,4768,407999,-54458,80276,12549561,1448099,74414,12098449,1510850,5862,451112,-62751,89064,13599929,1570565,81887,13064085,1660233,7177,535844,-89668,89064,13599929,1570565,81887,13064085,1660233,7177,535844,-89668
농·임·어업,합계,25570,7346218,405229,17916,6653455,468585,7654,692763,-63356,25315,7433783,522105,19742,6846750,569557,5573,587033,-47452,26193,6901676,453820,19016,6197552,518379,7177,704124,-64559,26034,7533954,657183,18968,6938872,708626,7066,595081,-51443,26034,7533954,657183,18968,6938872,708626,7066,595081,-51443
농·임·어업,서울,320,136052,10310,244,123115,13864,76,12937,-3554,356,125422,16036,300,116581,17836,56,8841,-1800,360,106392,8545,284,86922,11190,76,19470,-2645,373,104293,9833,312,93677,12755,61,10616,-2922,373,104293,9833,312,93677,12755,61,10616,-2922
농·임·어업,인천,692,186441,9645,598,175233,10687,94,11208,-1042,787,186269,11796,709,171802,13047,78,14467,-1251,771,185688,11610,666,176194,14168,105,9494,-2558,818,207193,15963,726,198291,16948,92,8902,-985,818,207193,15963,726,198291,16948,92,8902,-985
농·임·어업,경기,2789,1020476,46983,1817,879575,60472,972,140901,-13489,2913,950545,50367,2172,800580,63957,741,149965,-13590,2938,857338,35274,2109,688364,51545,829,168974,-16271,2962,962269,89616,2164,839304,96998,798,122965,-7382,2962,962269,89616,2164,839304,96998,798,122965,-7382
농·임·어업,강원,2038,397146,24054,1515,363439,25240,523,33707,-1186,1836,373797,25479,1499,345994,27850,337,27803,-2371,2139,367802,23879,1528,329437,27993,611,38365,-4114,2070,406154,41477,1427,380677,43622,643,25477,-2145,2070,406154,41477,1427,380677,43622,643,25477,-2145
농·임·어업,대전,76,14899,504,63,12118,783,13,2781,-279,80,20796,1121,66,17810,1336,14,2986,-215,100,21173,1276,83,19620,1403,17,1553,-127,114,24030,1241,92,20854,1663,22,3176,-422,114,24030,1241,92,20854,1663,22,3176,-422
농·임·어업,충북,681,207749,14506,469,186893,15672,212,20856,-1166,707,216464,15509,549,200866,16353,158,15598,-844,734,186155,11855,569,169051,13612,165,17104,-1757,760,212389,21470,619,197144,22296,141,15245,-826,760,212389,21470,619,197144,22296,141,15245,-826
농·임·어업,충남,3069,956787,55827,1959,854003,60092,1110,102784,-4265,3080,965132,66891,2302,881109,72503,778,84023,-5612,3079,881891,58288,2230,782628,64363,849,99263,-6075,2990,858296,75405,2112,779424,80586,878,78872,-5181,2990,858296,75405,2112,779424,80586,878,78872,-5181
농·임·어업,세종,94,32488,1257,60,29945,1568,34,2543,-311,99,41075,2807,71,38137,2856,28,2938,-49,123,39384,473,85,29852,2121,38,9532,-1648,117,30865,1721,81,28154,2618,36,2711,-897,117,30865,1721,81,28154,2618,36,2711,-897
농·임·어업,광주,112,43515,3192,93,40220,3954,19,3295,-762,146,38723,1745,120,34140,2722,26,4583,-977,156,48434,3353,129,45774,3551,27,2660,-198,159,61652,4809,127,58326,5144,32,3326,-335,159,61652,4809,127,58326,5144,32,3326,-335
농·임·어업,전북,1146,425825,17675,815,391562,21167,331,34263,-3492,1256,443108,25471,995,418633,27074,261,24475,-1603,1320,437949,25997,1018,407951,28223,302,29998,-2226,1299,452415,29389,1003,425179,31799,296,27236,-2410,1299,452415,29389,1003,425179,31799,296,27236,-2410
농·임·어업,전남,3954,1115632,49214,3015,1065150,56278,939,50482,-7064,4136,1196309,69776,3251,1125901,74305,885,70408,-4529,4402,1076571,65319,3130,1020195,70506,1272,56376,-5187,4258,1226246,87995,3147,1161120,93584,1111,65126,-5589,4258,1226246,87995,3147,1161120,93584,1111,65126,-5589
농·임·어업,대구,128,67489,3309,97,65943,3622,31,1546,-313,150,68457,6069,133,65566,6267,17,2891,-198,155,60230,2953,129,58880,3718,26,1350,-765,165,82137,6589,135,80750,7305,30,1387,-716,165,82137,6589,135,80750,7305,30,1387,-716
농·임·어업,경북,3147,789091,55402,2044,720943,57910,1103,68148,-2508,2725,807615,67913,2042,747968,70742,683,59647,-2829,2682,777144,63462,1920,684476,68821,762,92668,-5359,2742,866989,94200,2013,785683,97430,729,81306,-3230,2742,866989,94200,2013,785683,97430,729,81306,-3230
농·임·어업,부산,609,398253,21654,544,336964,28028,65,61289,-6374,699,375870,30729,639,354306,33082,60,21564,-2353,694,408669,35766,612,390580,38394,82,18089,-2628,686,369734,32930,610,341482,38849,76,28252,-5919,686,369734,32930,610,341482,38849,76,28252,-5919
농·임·어업,울산,323,69811,4728,290,68075,5345,33,1736,-617,342,73548,6335,309,71008,6539,33,2540,-204,320,59898,5095,272,56646,5287,48,3252,-192,338,64964,6251,283,63080,6445,55,1884,-194,338,64964,6251,283,63080,6445,55,1884,-194
농·임·어업,경남,4781,1020042,62082,3272,922321,74826,1509,97721,-12744,4469,1031549,82406,3384,958068,87883,1085,73481,-5477,4685,912673,63259,3164,804264,72143,1521,108409,-8884,4613,1032108,91756,2954,948352,97493,1659,83756,-5737,4613,1032108,91756,2954,948352,97493,1659,83756,-5737
농·임·어업,제주,1611,464522,24887,1021,417956,29077,590,46566,-4190,1534,519104,41655,1201,498281,45205,333,20823,-3550,1535,474284,37414,1088,446717,41339,447,27567,-3925,1570,572219,46539,1163,537375,53092,407,34844,-6553,1570,572219,46539,1163,537375,53092,407,34844,-6553
광업,합계,615,165378,20180,562,150029,22020,53,15349,-1840,717,155778,20977,652,140533,23736,65,15245,-2759,746,146712,19292,676,135917,21720,70,10795,-2428,610,134668,20318,550,129071,21429,60,5598,-1110,610,134668,20318,550,129071,21429,60,5598,-1110
광업,서울,65,16128,837,55,11915,1455,10,4213,-618,99,15914,1040,76,12903,1951,23,3011,-911,93,16820,1211,70,13381,2187,23,3439,-976,78,17836,2059,58,14923,2617,20,2913,-558,78,17836,2059,58,14923,2617,20,2913,-558
광업,인천,15,427,-15,13,384,32,2,43,-47,22,771,-10,16,361,66,6,410,-76,16,868,71,12,804,110,4,64,-39,12,639,90,12,639,90,-,-,-,12,639,90,12,639,90,,0,0
광업,경기,42,16806,3032,36,15610,3242,6,1196,-210,68,15173,2732,60,12317,3236,8,2856,-504,72,11639,1540,63,8791,2159,9,2848,-619,74,13024,2170,67,11650,2403,7,1374,-233,74,13024,2170,67,11650,2403,7,1374,-233
광업,강원,11,3312,438,8,3312,456,3,-,-18,13,3865,396,12,3583,416,1,282,-20,13,3194,345,12,3130,357,1,64,-12,10,3490,420,9,3449,422,1,41,-2,10,3490,420,9,3449,422,1,41,-2
광업,대전,6,250,27,6,250,27,-,-,-,1,36,8,1,36,8,-,-,-,-,-,-,-,-,-,-,-,-,1,102,6,1,102,6,-,-,-,1,102,6,1,102,6,,0,0
광업,충북,12,4108,475,9,4042,478,3,66,-3,12,4360,536,11,4355,568,1,5,-32,10,3313,539,10,3313,539,-,-,-,10,3421,518,8,3384,523,2,37,-5,10,3421,518,8,3384,523,2,37,-5
광업,충남,38,20330,5345,32,19308,5430,6,1022,-85,59,23376,5252,54,22618,5298,5,758,-46,50,22353,5397,49,21461,5397,1,892,-,27,16196,4627,25,16194,4629,2,2,-2,27,16196,4627,25,16194,4629,2,2,-2
광업,세종,1,348,19,1,348,19,-,-,-,1,370,23,1,370,23,-,-,-,1,219,14,1,219,14,-,-,-,1,267,15,1,267,15,-,-,-,1,267,15,1,267,15,,0,0
광업,광주,18,3146,82,16,1773,84,2,1373,-2,23,2821,259,23,2821,259,-,-,-,27,3594,-83,26,2873,207,1,721,-290,30,4107,367,29,3213,492,1,894,-125,30,4107,367,29,3213,492,1,894,-125
광업,전북,17,10293,1972,14,8670,2150,3,1623,-178,28,6108,1222,24,6018,1286,4,90,-64,19,5040,635,17,4855,646,2,185,-11,24,4840,928,24,4840,928,-,-,-,24,4840,928,24,4840,928,,0,0
광업,전남,307,20578,1746,294,19925,1752,13,653,-6,296,20881,2076,286,20605,2092,10,276,-16,361,25390,2031,340,24647,2153,21,743,-122,268,18199,1725,248,18049,1792,20,150,-67,268,18199,1725,248,18049,1792,20,150,-67
광업,대구,10,10565,1232,9,10511,1233,1,54,-1,11,7432,15,10,5349,428,1,2083,-413,10,4241,918,10,4241,918,-,-,-,4,2524,517,3,2479,590,1,45,-73,4,2524,517,3,2479,590,1,45,-73
광업,경북,35,31503,2720,34,31197,2741,1,306,-21,33,28285,2863,31,27688,2982,2,597,-119,33,25557,2895,30,25544,2910,3,13,-15,32,26711,2187,29,26568,2187,3,143,-,32,26711,2187,29,26568,2187,3,143,0
광업,부산,6,3130,478,6,3130,478,-,-,-,12,3922,624,12,3922,624,-,-,-,13,4105,510,11,4100,527,2,5,-17,16,3961,634,14,3961,655,2,-,-21,16,3961,634,14,3961,655,2,0,-21
광업,울산,4,1956,185,4,1956,185,-,-,-,3,201,39,3,201,39,-,-,-,4,374,57,4,374,57,-,-,-,4,447,56,4,447,56,-,-,-,4,447,56,4,447,56,,0,0
광업,경남,27,22480,1606,24,17680,2257,3,4800,-651,36,22263,3902,32,17386,4460,4,4877,-558,24,20004,3211,21,18182,3538,3,1822,-327,19,18906,3999,18,18906,4024,1,-,-25,19,18906,3999,18,18906,4024,1,0,-25
광업,제주,1,18,1,1,18,1,-,-,-,-,-,-,-,-,-,-,-,-,-,-,-,-,-,-,-,-,-,-,-,-,-,-,-,-,-,-,0,0,0,0,0,0,0,0,0
제조업,합계,312426,137845211,11717063,293412,133891597,12281798,19014,3953614,-564735,359718,137178858,13189600,337920,132934810,13792348,21798,4244048,-602748,377742,142860874,13949112,354147,138390223,14605101,23595,4470651,-655989,387618,146693578,14693970,362121,141883735,15388067,25497,4809844,-694096,387618,146693578,14693970,362121,141883735,15388067,25497,4809844,-694096
제조업,서울,55605,20623315,1759651,51428,19994820,1866791,4177,628495,-107140,63969,20041838,1989016,59543,19339675,2103220,4426,702163,-114204,65743,20636549,2135315,61068,19979861,2241768,4675,656688,-106453,66190,20322549,2140250,61421,19668039,2251966,4769,654510,-111716,66190,20322549,2140250,61421,19668039,2251966,4769,654510,-111716
제조업,인천,23931,10463218,906323,22648,10193938,947073,1283,269280,-40750,26964,10186704,978736,25441,9907996,1024344,1523,278708,-45608,28322,10815375,1049381,26764,10500376,1099930,1558,314999,-50549,29061,11228358,1130822,27291,10886438,1181771,1770,341920,-50949,29061,11228358,1130822,27291,10886438,1181771,1770,341920,-50949
제조업,경기,92173,42007498,3505438,86276,40835768,3700644,5897,1171730,-195206,106025,41787983,3998537,99118,40540611,4191456,6907,1247372,-192919,112210,44030721,4324287,104663,42713705,4523121,7547,1317016,-198834,116507,46312202,4757644,108545,44920325,4964956,7962,1391877,-207312,116507,46312202,4757644,108545,44920325,4964956,7962,1391877,-207312
제조업,강원,3943,1301871,92458,3659,1259099,97002,284,42772,-4544,4663,1384937,115386,4380,1349937,119222,283,35000,-3836,5042,1532157,126175,4731,1484579,134089,311,47578,-7914,5191,1586758,142918,4862,1544710,148355,329,42048,-5437,5191,1586758,142918,4862,1544710,148355,329,42048,-5437
제조업,대전,6205,2121539,208037,5848,2048004,214131,357,73535,-6094,7163,2054756,210671,6769,1998201,217180,394,56555,-6509,7343,2102893,219087,6945,2048901,226530,398,53992,-7443,7620,2159444,237100,7177,2096445,248581,443,62999,-11481,7620,2159444,237100,7177,2096445,248581,443,62999,-11481
제조업,충북,6202,2431113,207982,5777,2345551,217995,425,85562,-10013,7252,2492492,249046,6773,2414831,257021,479,77661,-7975,7764,2642057,272120,7276,2546925,281656,488,95132,-9536,8279,2940377,302280,7745,2848261,314242,534,92116,-11962,8279,2940377,302280,7745,2848261,314242,534,92116,-11962
제조업,충남,8029,3929343,287527,7453,3816191,302648,576,113152,-15121,9426,4014481,338377,8814,3870323,352801,612,144158,-14424,10138,3998992,398435,9440,3857819,415824,698,141173,-17389,10763,4402144,435056,10019,4257818,452993,744,144326,-17937,10763,4402144,435056,10019,4257818,452993,744,144326,-17937
제조업,세종,523,205557,15757,484,201222,16366,39,4335,-609,731,236035,21139,684,226517,22284,47,9518,-1145,909,300679,28719,827,294506,29789,82,6173,-1070,1076,355415,37157,995,349009,37917,81,6406,-760,1076,355415,37157,995,349009,37917,81,6406,-760
제조업,광주,5506,1615293,127040,5210,1580167,132594,296,35126,-5554,6284,1607653,147483,5944,1576595,152719,340,31058,-5236,6710,1731429,165846,6360,1691823,170786,350,39606,-4940,6963,1815855,184017,6499,1772064,189571,464,43791,-5554,6963,1815855,184017,6499,1772064,189571,464,43791,-5554
제조업,전북,5821,2000373,136454,5413,1940538,144192,408,59835,-7738,6677,1992632,157356,6218,1931356,163894,459,61276,-6538,7059,2060584,166150,6606,2011662,172284,453,48922,-6134,7331,2157130,178631,6804,2098297,185944,527,58833,-7313,7331,2157130,178631,6804,2098297,185944,527,58833,-7313
제조업,전남,4915,1586926,106413,4605,1549587,110034,310,37339,-3621,5753,1619703,120874,5403,1569563,127868,350,50140,-6994,6062,1679835,133158,5737,1640425,137960,325,39410,-4802,6283,1862343,150573,5909,1826651,156333,374,35692,-5760,6283,1862343,150573,5909,1826651,156333,374,35692,-5760
제조업,대구,25223,12867304,1126266,24089,12573237,1172499,1134,294067,-46233,29215,12902861,1282439,27826,12582179,1331251,1389,320682,-48812,30903,13699285,1360744,29343,13381962,1421410,1560,317323,-60666,31714,14013839,1407012,29839,13615467,1465763,1875,398372,-58751,31714,14013839,1407012,29839,13615467,1465763,1875,398372,-58751
제조업,경북,13215,6390804,524098,12435,6201202,544368,780,189602,-20270,15360,6294406,544098,14415,6087098,571014,945,207308,-26916,16169,6468143,574746,15166,6239530,604163,1003,228613,-29417,17069,6890499,650501,15929,6622902,687570,1140,267597,-37069,17069,6890499,650501,15929,6622902,687570,1140,267597,-37069
제조업,부산,27119,13092468,1208041,25824,12751957,1252366,1295,340511,-44325,30780,13067391,1357975,29216,12724164,1409807,1564,343227,-51832,32037,13421913,1362334,30249,13052605,1424796,1788,369308,-62462,31706,13172500,1322477,29743,12741132,1389543,1963,431368,-67066,31706,13172500,1322477,29743,12741132,1389543,1963,431368,-67066
제조업,울산,5779,3475038,309965,5487,3367379,319668,292,107659,-9703,6772,3655715,355168,6433,3513721,367665,339,141994,-12497,7000,3539872,316817,6604,3397885,330415,396,141987,-13598,7084,3293735,278087,6611,3118447,295044,473,175288,-16957,7084,3293735,278087,6611,3118447,295044,473,175288,-16957
제조업,경남,26931,13391679,1166024,25584,12901357,1212803,1347,490322,-46779,31065,13429629,1283736,29434,12906071,1339189,1631,523558,-55453,32540,13704718,1268798,30726,13069000,1341642,1814,635718,-72844,32739,13633828,1282968,30879,12990002,1358750,1860,643826,-75782,32739,13633828,1282968,30879,12990002,1358750,1860,643826,-75782
제조업,제주,1306,341872,29589,1192,331580,30624,114,10292,-1035,1619,409642,39563,1509,395972,41413,110,13670,-1850,1791,495672,47003,1642,478659,48940,149,17013,-1937,2042,546605,56479,1853,527728,58769,189,18877,-2290,2042,546605,56479,1853,527728,58769,189,18877,-2290
전기·가스·수도업,합계,5447,198798,-82,3620,167971,17424,1827,30827,-17506,7800,279573,26361,6010,233513,64935,1790,46060,-38574,10906,389772,25700,8992,332550,42430,1914,57222,-16730,13464,409054,29302,10735,360556,52456,2729,48497,-23155,13464,409054,29302,10735,360556,52456,2729,48497,-23155
전기·가스·수도업,서울,377,17019,478,242,15062,1917,135,1957,-1439,559,28205,3734,405,25012,8357,154,3193,-4623,784,38613,3291,610,34329,5098,174,4284,-1807,1072,44672,4185,834,40729,6175,238,3943,-1990,1072,44672,4185,834,40729,6175,238,3943,-1990
전기·가스·수도업,인천,47,3534,-92,36,3395,204,11,139,-296,58,5177,1425,46,4975,1626,12,202,-201,111,5476,303,91,5042,616,20,434,-313,166,7015,1763,131,6638,2106,35,377,-343,166,7015,1763,131,6638,2106,35,377,-343
전기·가스·수도업,경기,482,20883,62,319,17305,1865,163,3578,-1803,632,27154,3462,501,23329,6334,131,3825,-2872,896,35514,1091,764,27143,3784,132,8371,-2693,1192,34648,2156,953,30340,4773,239,4308,-2617,1192,34648,2156,953,30340,4773,239,4308,-2617
전기·가스·수도업,강원,124,5128,-34,84,3666,376,40,1462,-410,222,6285,1002,161,5066,1752,61,1219,-750,353,8322,425,263,6984,949,90,1338,-524,463,10849,198,338,8867,1197,125,1982,-999,463,10849,198,338,8867,1197,125,1982,-999
전기·가스·수도업,대전,129,3225,-355,80,2824,247,49,401,-602,187,4696,-282,140,3989,796,47,707,-1078,311,8039,293,259,7108,812,52,931,-519,415,8987,-23,331,7284,1520,84,1703,-1543,415,8987,-23,331,7284,1520,84,1703,-1543
전기·가스·수도업,충북,231,5992,-132,172,4406,414,59,1586,-546,268,9986,1492,232,8808,1949,36,1178,-457,394,12458,758,335,10730,1171,59,1728,-413,499,12767,965,418,10904,1469,81,1863,-504,499,12767,965,418,10904,1469,81,1863,-504
전기·가스·수도업,충남,264,9085,571,191,8130,1273,73,955,-702,381,13423,2264,302,11261,4188,79,2162,-1924,586,20219,1846,500,17980,2462,86,2239,-616,680,20160,1756,579,18148,2555,101,2012,-799,680,20160,1756,579,18148,2555,101,2012,-799
전기·가스·수도업,세종,24,863,39,14,717,81,10,146,-42,44,1334,-199,28,984,276,16,350,-475,74,2139,199,60,1919,289,14,220,-90,94,2493,250,77,2217,362,17,276,-112,94,2493,250,77,2217,362,17,276,-112
전기·가스·수도업,광주,632,15379,-250,395,11896,1636,237,3483,-1886,1121,27977,1354,837,22617,6463,284,5360,-5109,1416,42854,3086,1181,37123,4900,235,5731,-1814,1660,42271,2238,1255,35114,5434,405,7157,-3196,1660,42271,2238,1255,35114,5434,405,7157,-3196
전기·가스·수도업,전북,1983,52304,-1121,1302,41260,4513,681,11044,-5634,2597,71812,5077,1969,57608,16314,628,14204,-11237,3513,107655,6970,2809,89630,11425,704,18025,-4455,3974,100673,6472,3066,86014,11970,908,14659,-5498,3974,100673,6472,3066,86014,11970,908,14659,-5498
전기·가스·수도업,전남,492,16665,-17,312,13558,1651,180,3107,-1668,785,29406,1225,606,24907,6159,179,4499,-4934,1108,44363,2642,923,37653,4402,185,6710,-1760,1378,46239,3732,1138,41316,6156,240,4923,-2424,1378,46239,3732,1138,41316,6156,240,4923,-2424
전기·가스·수도업,대구,101,4669,-156,66,3810,281,35,859,-437,165,5454,784,143,4244,1504,22,1210,-720,211,6592,522,183,6245,1076,28,347,-554,321,10502,766,288,9733,1577,33,769,-811,321,10502,766,288,9733,1577,33,769,-811
전기·가스·수도업,경북,230,10183,496,163,9246,1165,67,937,-669,369,13217,2697,303,11640,3674,66,1577,-977,541,19360,1951,484,17410,2258,57,1950,-307,707,20928,1585,620,19287,2710,87,1641,-1125,707,20928,1585,620,19287,2710,87,1641,-1125
전기·가스·수도업,부산,58,24448,886,47,24325,1055,11,123,-169,65,23995,2113,53,18992,2759,12,5003,-646,94,22370,1046,79,19258,1297,15,3112,-251,123,25636,1494,100,25332,1761,23,304,-267,123,25636,1494,100,25332,1761,23,304,-267
전기·가스·수도업,울산,16,476,-267,10,337,25,6,139,-292,19,723,-198,12,606,120,7,117,-318,35,1182,-48,28,1040,69,7,142,-117,52,1864,103,44,1432,200,8,432,-97,52,1864,103,44,1432,200,8,432,-97
전기·가스·수도업,경남,208,7847,-18,155,7299,646,53,548,-664,253,8352,626,212,7490,2189,41,862,-1563,370,11346,1123,329,10293,1395,41,1053,-272,520,15455,1370,447,14080,2017,73,1375,-647,520,15455,1370,447,14080,2017,73,1375,-647
전기·가스·수도업,제주,49,1098,-172,32,735,75,17,363,-247,75,2377,-215,60,1985,475,15,392,-690,109,3269,201,94,2663,426,15,606,-225,148,3895,291,116,3122,473,32,773,-182,148,3895,291,116,3122,473,32,773,-182
"하수ㆍ폐기물처리, 원료재생 및 환경복원업",합계,3868,1977915,136364,3547,1890947,149191,321,86968,-12827,4289,1882733,158056,3941,1809104,174336,348,73629,-16280,4417,1920647,162195,4080,1853324,172893,337,67323,-10698,4498,2155174,188497,4146,2072136,200665,352,83039,-12169,4498,2155174,188497,4146,2072136,200665,352,83039,-12169
"하수ㆍ폐기물처리, 원료재생 및 환경복원업",서울,238,139995,10185,218,131494,10878,20,8501,-693,263,110583,9985,239,104196,10683,24,6387,-698,251,105435,10046,221,98413,10928,30,7022,-882,251,112812,9449,229,104143,11306,22,8669,-1857,251,112812,9449,229,104143,11306,22,8669,-1857
"하수ㆍ폐기물처리, 원료재생 및 환경복원업",인천,207,166941,5127,192,139474,8621,15,27467,-3494,233,157147,11144,216,154296,12690,17,2851,-1546,277,160858,10996,260,155301,11949,17,5557,-953,266,180437,13812,237,173077,15325,29,7360,-1513,266,180437,13812,237,173077,15325,29,7360,-1513
"하수ㆍ폐기물처리, 원료재생 및 환경복원업",경기,1020,578391,41215,937,564363,43374,83,14028,-2159,1133,537606,42964,1033,518436,47818,100,19170,-4854,1203,547858,45144,1109,528051,47970,94,19807,-2826,1252,596001,49719,1151,576331,52428,101,19670,-2709,1252,596001,49719,1151,576331,52428,101,19670,-2709
"하수ㆍ폐기물처리, 원료재생 및 환경복원업",강원,180,42326,4019,171,40529,4271,9,1797,-252,203,40081,4946,190,37849,5273,13,2232,-327,202,44617,5759,193,44229,5839,9,388,-80,219,50146,6146,210,46196,6220,9,3950,-74,219,50146,6146,210,46196,6220,9,3950,-74
"하수ㆍ폐기물처리, 원료재생 및 환경복원업",대전,48,26053,1634,47,26001,1667,1,52,-33,50,30432,2740,46,30187,2903,4,245,-163,55,35617,3635,54,35610,3718,1,7,-83,65,28474,2951,57,28234,2986,8,240,-35,65,28474,2951,57,28234,2986,8,240,-35
"하수ㆍ폐기물처리, 원료재생 및 환경복원업",충북,209,98912,8109,196,97393,8461,13,1519,-352,255,101689,10820,237,99822,11229,18,1867,-409,263,104252,10114,246,102973,10563,17,1279,-449,257,118337,10872,233,114601,11310,24,3736,-438,257,118337,10872,233,114601,11310,24,3736,-438
"하수ㆍ폐기물처리, 원료재생 및 환경복원업",충남,199,58980,4369,182,56122,4943,17,2858,-574,229,62375,5671,212,59959,6304,17,2416,-633,244,80486,7894,225,79453,8279,19,1033,-385,228,91646,7809,212,88778,8558,16,2868,-749,228,91646,7809,212,88778,8558,16,2868,-749
"하수ㆍ폐기물처리, 원료재생 및 환경복원업",세종,13,10501,1554,13,10501,1554,-,-,-,18,9872,1659,17,9565,1669,1,307,-10,18,11743,2493,17,11728,2495,1,15,-2,17,10908,1251,17,10908,1251,-,-,-,17,10908,1251,17,10908,1251,,0,0
"하수ㆍ폐기물처리, 원료재생 및 환경복원업",광주,82,21947,1596,72,20719,1700,10,1228,-104,72,19052,1873,63,18153,1958,9,899,-85,73,17795,1557,64,16722,1658,9,1073,-101,78,29057,3160,69,28196,3277,9,861,-117,78,29057,3160,69,28196,3277,9,861,-117
"하수ㆍ폐기물처리, 원료재생 및 환경복원업",전북,142,43116,3065,132,41066,3485,10,2050,-420,150,34294,2816,138,31175,3552,12,3119,-736,152,36663,3476,140,35224,3693,12,1439,-217,166,42414,4153,156,41853,4312,10,561,-159,166,42414,4153,156,41853,4312,10,561,-159
"하수ㆍ폐기물처리, 원료재생 및 환경복원업",전남,153,32269,2245,139,31175,2602,14,1094,-357,157,30834,2741,144,29663,3046,13,1171,-305,138,27239,2499,128,26837,2579,10,402,-80,142,39539,3157,132,35813,3735,10,3726,-578,142,39539,3157,132,35813,3735,10,3726,-578
"하수ㆍ폐기물처리, 원료재생 및 환경복원업",대구,269,190533,13079,238,186693,13839,31,3840,-760,292,176502,13314,275,172878,14115,17,3624,-801,318,189535,14000,294,184037,14747,24,5498,-747,303,215278,17340,279,212196,17930,24,3082,-590,303,215278,17340,279,212196,17930,24,3082,-590
"하수ㆍ폐기물처리, 원료재생 및 환경복원업",경북,345,157096,12928,312,151170,13719,33,5926,-791,390,154790,13744,361,149745,15278,29,5045,-1534,378,146196,12466,351,135667,13308,27,10529,-842,394,180232,16969,368,173297,17611,26,6935,-642,394,180232,16969,368,173297,17611,26,6935,-642
"하수ㆍ폐기물처리, 원료재생 및 환경복원업",부산,284,171139,13001,256,166771,13696,28,4368,-695,308,171747,15228,283,166864,16585,25,4883,-1357,310,172690,13551,279,168411,14783,31,4279,-1232,301,198012,17641,281,191457,18437,20,6555,-796,301,198012,17641,281,191457,18437,20,6555,-796
"하수ㆍ폐기물처리, 원료재생 및 환경복원업",울산,79,40727,2698,75,40698,2707,4,29,-9,71,41943,3968,67,41899,4016,4,44,-48,84,43455,3800,83,43315,3801,1,140,-1,84,47158,4642,82,46776,4660,2,382,-18,84,47158,4642,82,46776,4660,2,382,-18
"하수ㆍ폐기물처리, 원료재생 및 환경복원업",경남,344,181833,9882,316,170765,11868,28,11068,-1986,405,176740,12838,369,160868,15251,36,15872,-2413,388,173608,12840,358,166187,14563,30,7421,-1723,410,197585,16961,373,183463,18715,37,14122,-1754,410,197585,16961,373,183463,18715,37,14122,-1754
"하수ㆍ폐기물처리, 원료재생 및 환경복원업",제주,56,17156,1658,51,16013,1806,5,1143,-148,60,27046,1605,51,23549,1966,9,3497,-361,63,22600,1923,58,21166,2019,5,1434,-96,65,17140,2465,60,16817,2606,5,323,-141,65,17140,2465,60,16817,2606,5,323,-141
건설업,합계,259491,52594303,4273959,240263,49911961,4709192,19228,2682342,-435233,307649,63223502,6065092,287309,60094204,6534895,20340,3129298,-469803,335269,72658312,7258723,313537,69536421,7712674,21732,3121891,-453951,357066,75196342,7779516,332317,72238994,8344907,24749,2957348,-565394,357066,75196342,7779516,332317,72238994,8344907,24749,2957348,-565394
건설업,서울,36390,10536129,777624,30839,9636134,913836,5551,899995,-136212,45294,14018182,1301789,39309,12874231,1452995,5985,1143951,-151206,49178,16276166,1556829,43865,15475806,1711427,5313,800360,-154598,50050,15758691,1650315,44294,15069854,1806620,5756,688837,-156305,50050,15758691,1650315,44294,15069854,1806620,5756,688837,-156305
건설업,인천,15391,3703819,288346,14216,3573107,316787,1175,130712,-28441,18160,4827966,445246,17069,4688245,474511,1091,139721,-29265,20376,6016557,599275,19149,5837496,626609,1227,179061,-27334,21977,6289305,660915,20485,6082014,698022,1492,207291,-37107,21977,6289305,660915,20485,6082014,698022,1492,207291,-37107
건설업,경기,63604,14748588,1134836,58025,13868833,1261789,5579,879755,-126953,77611,18048522,1652574,71715,17007318,1791292,5896,1041204,-138718,86555,21301483,2017874,80351,20250860,2155257,6204,1050623,-137383,94755,22675029,2260789,87693,21754513,2406209,7062,920516,-145420,94755,22675029,2260789,87693,21754513,2406209,7062,920516,-145420
건설업,강원,12396,1730082,143508,12016,1694239,146712,380,35843,-3204,13734,1674622,165071,13320,1635642,169394,414,38980,-4323,14631,1896340,215720,14207,1855062,220074,424,41278,-4354,15556,2090058,230328,14986,2033260,236279,570,56798,-5951,15556,2090058,230328,14986,2033260,236279,570,56798,-5951
건설업,대전,6686,1154405,100087,6373,1129063,103510,313,25342,-3423,7539,1269497,121800,7197,1232079,126474,342,37418,-4674,8171,1480150,141780,7782,1379657,145989,389,100493,-4209,8642,1491531,148615,8229,1448441,154498,413,43090,-5883,8642,1491531,148615,8229,1448441,154498,413,43090,-5883
건설업,충북,10703,1549587,145852,10158,1495803,150193,545,53784,-4341,11994,1653073,161870,11542,1596817,173292,452,56256,-11422,12868,1920268,197121,12337,1859526,206037,531,60742,-8916,13933,2056768,215386,13336,1987979,226843,597,68789,-11457,13933,2056768,215386,13336,1987979,226843,597,68789,-11457
건설업,충남,13379,2036502,178720,12822,1975063,187308,557,61439,-8588,14867,2385699,239683,14305,2306159,249751,562,79540,-10068,16261,2745183,268991,15640,2654975,282219,621,90208,-13228,18033,3034708,306861,17178,2922126,323923,855,112582,-17062,18033,3034708,306861,17178,2922126,323923,855,112582,-17062
건설업,세종,1429,177719,23356,1367,173196,23812,62,4523,-456,1459,190812,19858,1331,184921,21056,128,5891,-1198,1685,224855,23550,1552,213861,24832,133,10994,-1282,1971,248886,26389,1765,242224,28581,206,6662,-2192,1971,248886,26389,1765,242224,28581,206,6662,-2192
건설업,광주,6938,1180197,81322,6680,1149998,93452,258,30199,-12130,7814,1249450,115600,7520,1227176,118876,294,22274,-3276,8395,1386204,124560,8006,1323722,130047,389,62482,-5487,9299,1508753,131582,8854,1476417,147537,445,32336,-15955,9299,1508753,131582,8854,1476417,147537,445,32336,-15955
건설업,전북,11352,1441092,88086,10449,1363244,124478,903,77848,-36392,13166,1592326,158384,12408,1540065,163403,758,52261,-5019,13584,1739389,170091,12577,1657379,178470,1007,82010,-8379,14175,1845500,129228,13137,1737953,192929,1038,107547,-63701,14175,1845500,129228,13137,1737953,192929,1038,107547,-63701
건설업,전남,11714,1365805,124590,11298,1328804,128303,416,37001,-3713,12947,1527572,158917,12512,1497046,162513,435,30526,-3596,13822,1658586,184395,13316,1618803,187806,506,39783,-3411,14625,1815645,201302,14008,1772558,206741,617,43087,-5439,14625,1815645,201302,14008,1772558,206741,617,43087,-5439
건설업,대구,11278,2701504,246271,10668,2633513,256148,610,67991,-9877,13319,3003368,325542,12634,2926132,338448,685,77236,-12906,14109,2980487,312301,13320,2892925,325458,789,87562,-13157,14904,2970121,313961,13954,2874344,331103,950,95777,-17142,14904,2970121,313961,13954,2874344,331103,950,95777,-17142
건설업,경북,16709,2417397,224236,16128,2354777,233363,581,62620,-9127,19430,2739068,285653,18728,2659409,301335,702,79659,-15682,20737,2907126,335782,19982,2819786,346591,755,87340,-10809,21835,3004943,349439,20851,2898460,363365,984,106483,-13926,21835,3004943,349439,20851,2898460,363365,984,106483,-13926
건설업,부산,14053,3281989,298509,13070,3162706,321059,983,119283,-22550,16681,3683635,361774,15633,3546292,397844,1048,137343,-36070,17931,3971700,421614,16763,3821643,443484,1168,150057,-21870,18880,4216998,448824,17498,4055586,476785,1382,161412,-27961,18880,4216998,448824,17498,4055586,476785,1382,161412,-27961
건설업,울산,5772,1144505,98456,5521,1092364,108182,251,52141,-9726,6826,1308025,134939,6538,1255115,145843,288,52910,-10904,7348,1361369,156973,6979,1302662,165534,369,58707,-8561,7706,1412155,158021,7326,1334703,165192,380,77452,-7171,7706,1412155,158021,7326,1334703,165192,380,77452,-7171
건설업,경남,17692,2746309,256701,16927,2646647,273134,765,99662,-16433,21659,3060352,311867,20742,2964810,338018,917,95542,-26151,23377,3394808,355448,21947,3223602,378261,1430,171206,-22813,23838,3419497,384432,22475,3262991,406628,1363,156506,-22196,23838,3419497,384432,22475,3262991,406628,1363,156506,-22196
건설업,제주,4005,678674,63459,3706,634470,67126,299,44204,-3667,5149,991333,104525,4806,952747,109850,343,38586,-5325,6241,1397639,176421,5764,1348656,184583,477,48983,-8162,6887,1357754,163128,6248,1285570,173654,639,72184,-10526,6887,1357754,163128,6248,1285570,173654,639,72184,-10526
도·소매업,합계,987874,337151277,17213503,909477,324906568,18110925,78397,12244709,-897422,1173840,341843486,20247204,1089064,329473797,22175273,84776,12369689,-1928069,1230746,356518599,20872371,1139758,343388413,21977873,90988,13130186,-1105502,1277461,371263289,21988937,1177309,356764526,23195381,100152,14498764,-1206442,1277461,371263289,21988937,1177309,356764526,23195381,100152,14498764,-1206442
도·소매업,서울,208974,71107602,3730155,187612,68019521,4012259,21362,3088081,-282104,242984,71023453,4623659,221301,67994222,4950798,21683,3029231,-327139,248396,73121683,4486409,226105,69941360,4800456,22291,3180323,-314047,253795,73410332,4570697,230435,70121885,4902309,23360,3288447,-331612,253795,73410332,4570697,230435,70121885,4902309,23360,3288447,-331612
도·소매업,인천,54936,18539629,908698,50721,17830011,957767,4215,709618,-49069,65218,19207992,1103932,60541,18508359,1180643,4677,699633,-76711,68920,20317416,1115090,63808,19542515,1182043,5112,774901,-66953,72464,21350709,1192915,66721,20423080,1266458,5743,927629,-73543,72464,21350709,1192915,66721,20423080,1266458,5743,927629,-73543
도·소매업,경기,234819,81455393,4117014,213373,78032898,4391142,21446,3422495,-274128,281990,82830996,5027516,258548,79431139,5373648,23442,3399857,-346132,299320,87009028,5073000,274182,83419903,5403842,25138,3589125,-330842,315378,92360162,5478739,288020,88409541,5839627,27358,3950621,-360888,315378,92360162,5478739,288020,88409541,5839627,27358,3950621,-360888
도·소매업,강원,28909,8226215,431123,27206,7986303,444384,1703,239912,-13261,34512,8542512,541306,32622,8297854,557493,1890,244658,-16187,36181,9023249,541717,34091,8759191,558969,2090,264058,-17252,37549,9590455,587066,35275,9290666,606590,2274,299789,-19524,37549,9590455,587066,35275,9290666,606590,2274,299789,-19524
도·소매업,대전,32303,10406652,552201,30247,10068263,572052,2056,338389,-19851,37272,10507485,663115,35069,10169219,687131,2203,338266,-24016,38340,10746174,638230,36064,10411254,664286,2276,334920,-26056,39724,11119187,668909,37151,10786385,696199,2573,332802,-27290,39724,11119187,668909,37151,10786385,696199,2573,332802,-27290
도·소매업,충북,28739,9143275,475438,26844,8846765,490632,1895,296510,-15194,34370,9342023,583853,32311,9031726,602840,2059,310297,-18987,36382,9802419,581142,34050,9481383,600195,2332,321036,-19053,37224,10233126,613702,34642,9850937,635922,2582,382189,-22220,37224,10233126,613702,34642,9850937,635922,2582,382189,-22220
도·소매업,충남,37407,12273140,614305,35066,11917400,635247,2341,355740,-20942,45012,12449074,756368,42505,12058461,782410,2507,390613,-26042,47506,12932457,750348,44614,12528161,776896,2892,404296,-26548,49514,13574516,792756,46241,13101306,824740,3273,473210,-31984,49514,13574516,792756,46241,13101306,824740,3273,473210,-31984
도·소매업,세종,2356,791406,38462,2167,760870,40252,189,30536,-1790,3898,1026003,63571,3564,968836,67971,334,57167,-4400,4649,1250226,72974,4224,1190758,77653,425,59468,-4679,5592,1558164,91959,5118,1487064,96666,474,71100,-4707,5592,1558164,91959,5118,1487064,96666,474,71100,-4707
도·소매업,광주,29630,9272449,447882,27712,9030943,464635,1918,241506,-16753,35477,9492261,547946,33238,9212778,569469,2239,279483,-21523,37157,9863769,556000,34773,9622550,575840,2384,241219,-19840,38051,10119671,585732,35455,9877470,606316,2596,242201,-20584,38051,10119671,585732,35455,9877470,606316,2596,242201,-20584
도·소매업,전북,35191,11070902,518096,32816,10707799,536238,2375,363103,-18142,42361,11176389,635967,39696,10851751,659981,2665,324638,-24014,44445,11444770,619610,41589,11090697,645282,2856,354073,-25672,45722,12085579,654280,42617,11731826,680239,3105,353753,-25959,45722,12085579,654280,42617,11731826,680239,3105,353753,-25959
도·소매업,전남,32348,9634752,473295,30517,9393039,486844,1831,241713,-13549,38761,9863886,577189,36620,9631242,596060,2141,232644,-18871,41390,10339301,577796,39139,10088263,597339,2251,251038,-19543,42741,10884708,614159,40018,10592995,633687,2723,291713,-19528,42741,10884708,614159,40018,10592995,633687,2723,291713,-19528
도·소매업,대구,53653,21001961,1099437,50585,20393834,1135085,3068,608127,-35648,63701,21319958,1330635,60230,20711081,1377115,3471,608877,-46480,67160,22725501,1347147,63272,22037746,1393653,3888,687755,-46506,69766,23756364,1409791,65188,22899574,1463865,4578,856790,-54074,69766,23756364,1409791,65188,22899574,1463865,4578,856790,-54074
도·소매업,경북,46012,15381559,786095,43293,14942031,803949,2719,439528,-17854,55196,15474757,928985,52055,14965464,958529,3141,509293,-29544,57983,15997355,915341,54607,15476780,943267,3376,520575,-27926,60204,16891237,972187,56274,16352204,1002036,3930,539033,-29849,60204,16891237,972187,56274,16352204,1002036,3930,539033,-29849
도·소매업,부산,72960,27313734,1379952,67582,26356313,1447133,5378,957421,-67181,85070,27338154,859348,79345,26386941,1736071,5725,951213,-876723,88897,28324735,1611115,82635,27259388,1693430,6262,1065347,-82315,91005,29028123,1671828,84099,27798655,1765672,6906,1229468,-93844,91005,29028123,1671828,84099,27798655,1765672,6906,1229468,-93844
도·소매업,울산,18142,6438650,348834,17161,6284581,357419,981,154069,-8585,21808,6547418,415781,20701,6362159,430084,1107,185259,-14303,22830,6621035,401389,21558,6404632,417028,1272,216403,-15639,23491,6818616,412536,22017,6601813,430723,1474,216803,-18187,23491,6818616,412536,22017,6601813,430723,1474,216803,-18187
도·소매업,경남,58919,20335423,1058679,54942,19711831,1094824,3977,623592,-36145,70769,20526327,1278053,66388,19875303,1325555,4381,651024,-47502,74426,21243481,1245965,69562,20535256,1297917,4864,708225,-51952,77483,22328689,1310986,71750,21455811,1367645,5733,872878,-56659,77483,22328689,1310986,71750,21455811,1367645,5733,872878,-56659
도·소매업,제주,12576,4758535,233837,11633,4624166,241063,943,134369,-7226,15441,5174798,309980,14330,5017262,319475,1111,157536,-9495,16764,5756000,339097,15485,5598576,349778,1279,157424,-10681,17758,6153653,360699,16288,5983314,376688,1470,170339,-15989,17758,6153653,360699,16288,5983314,376688,1470,170339,-15989
음식·숙박업,합계,611240,82748670,6028005,546325,76469189,6879161,64915,6279481,-851156,736102,89890200,7880574,664457,83233418,8914888,71645,6656782,-1034314,785124,97452685,8021723,710273,90624210,8979456,74851,6828475,-957733,820587,105060841,8880930,741139,97975055,9890334,79448,7085785,-1009404,820587,105060841,8880930,741139,97975055,9890334,79448,7085785,-1009404
음식·숙박업,서울,118823,20010062,1295029,101629,18025777,1588303,17194,1984285,-293274,140013,20814336,1653821,121386,18802105,2004899,18627,2012231,-351078,144682,22084313,1688191,126037,20078292,1996301,18645,2006021,-308110,147901,23029027,1805854,128995,21017698,2123885,18906,2011329,-318031,147901,23029027,1805854,128995,21017698,2123885,18906,2011329,-318031
음식·숙박업,인천,31613,4287648,296239,28158,3962699,339231,3455,324949,-42992,37826,4640179,382519,33988,4297571,436342,3838,342608,-53823,40326,5105989,395978,36204,4743666,446221,4122,362323,-50243,42068,5565979,449385,37829,5199542,500096,4239,366437,-50711,42068,5565979,449385,37829,5199542,500096,4239,366437,-50711
음식·숙박업,경기,138705,20347054,1409840,122178,18701213,1642135,16527,1645841,-232295,167348,22210259,1856802,148947,20422567,2141605,18401,1787692,-284803,179461,24306774,1918932,160153,22468652,2184722,19308,1838122,-265790,189210,26629507,2177661,168738,24683195,2460068,20472,1946312,-282407,189210,26629507,2177661,168738,24683195,2460068,20472,1946312,-282407
음식·숙박업,강원,25757,2578441,254606,24039,2456484,265478,1718,121957,-10872,30348,2876515,335433,28473,2752399,347416,1875,124116,-11983,32694,3202987,344756,30767,3073734,358865,1927,129253,-14109,34752,3646005,410947,32581,3496825,427465,2171,149180,-16518,34752,3646005,410947,32581,3496825,427465,2171,149180,-16518
음식·숙박업,대전,17992,2360809,182712,16343,2220561,201183,1649,140248,-18471,21146,2509195,225511,19391,2355626,249186,1755,153569,-23675,22655,2701184,228422,20787,2547878,247621,1868,153306,-19199,23311,2893687,250201,21452,2733878,269348,1859,159809,-19147,23311,2893687,250201,21452,2733878,269348,1859,159809,-19147
음식·숙박업,충북,20294,2207690,188781,18438,2058998,204684,1856,148692,-15903,24438,2454422,243991,22415,2291220,262791,2023,163202,-18800,26396,2690841,250389,24293,2527789,266318,2103,163052,-15929,27467,2938316,279622,25373,2784390,296384,2094,153926,-16762,27467,2938316,279622,25373,2784390,296384,2094,153926,-16762
음식·숙박업,충남,26575,3135917,262499,24659,2977807,283931,1916,158110,-21432,31779,3449777,340240,29544,3273436,365886,2235,176341,-25646,34171,3787980,351322,31854,3603902,374379,2317,184078,-23057,36190,4137474,383796,33645,3937676,410905,2545,199798,-27109,36190,4137474,383796,33645,3937676,410905,2545,199798,-27109
음식·숙박업,세종,1946,245489,20140,1764,227719,22991,182,17770,-2851,3090,364046,32025,2738,328272,37151,352,35774,-5126,3600,457278,37494,3197,416043,42715,403,41235,-5221,4351,558285,47167,3822,513219,52597,529,45066,-5430,4351,558285,47167,3822,513219,52597,529,45066,-5430
음식·숙박업,광주,16790,2197097,133806,15160,2060409,153926,1630,136688,-20120,20414,2412571,178551,18518,2267760,199886,1896,144811,-21335,21563,2605628,182600,19760,2460955,200529,1803,144673,-17929,22492,2793139,200151,20416,2646330,219964,2076,146809,-19813,22492,2793139,200151,20416,2646330,219964,2076,146809,-19813
음식·숙박업,전북,20595,2478011,176318,18216,2277480,193229,2379,200531,-16911,25157,2741461,230809,22565,2528429,253769,2592,213032,-22960,26882,2975185,234854,24351,2787366,253145,2531,187819,-18291,28101,3219569,261277,25485,3032600,279434,2616,186969,-18157,28101,3219569,261277,25485,3032600,279434,2616,186969,-18157
음식·숙박업,전남,22611,2357221,190644,21052,2239995,204235,1559,117226,-13591,27544,2680712,255514,25828,2565815,271156,1716,114897,-15642,29939,2935612,258627,28187,2822934,272670,1752,112678,-14043,31684,3207492,287431,29610,3069312,304025,2074,138180,-16594,31684,3207492,287431,29610,3069312,304025,2074,138180,-16594
음식·숙박업,대구,26176,3363600,259118,23800,3167049,284995,2376,196551,-25877,31871,3761018,347872,29264,3536366,380032,2607,224652,-32160,34392,4141435,347417,31450,3873973,383110,2942,267462,-35693,36290,4440971,375971,32992,4159266,413902,3298,281705,-37931,36290,4440971,375971,32992,4159266,413902,3298,281705,-37931
음식·숙박업,경북,32438,3374877,298554,30120,3201868,313862,2318,173009,-15308,39296,3727790,390192,36855,3558994,408230,2441,168796,-18038,41968,4032332,384204,39100,3840811,403112,2868,191521,-18908,44359,4355762,420501,41224,4156148,440959,3135,199614,-20458,44359,4355762,420501,41224,4156148,440959,3135,199614,-20458
음식·숙박업,부산,40720,5589583,393966,36311,5142095,457987,4409,447488,-64021,48321,6069346,516087,43584,5583949,598609,4737,485397,-82522,51488,6488368,505830,46424,5977821,586179,5064,510547,-80349,53188,6945522,560084,47783,6430961,637491,5405,514561,-77407,53188,6945522,560084,47783,6430961,637491,5405,514561,-77407
음식·숙박업,울산,14766,1809428,146491,13627,1714536,159322,1139,94892,-12831,18011,1958157,186295,16730,1846423,202339,1281,111734,-16044,19522,2063386,178732,18108,1945855,195176,1414,117531,-16444,20076,2192893,192484,18533,2068112,210420,1543,124781,-17936,20076,2192893,192484,18533,2068112,210420,1543,124781,-17936
음식·숙박업,경남,44386,4917196,378415,40843,4632312,411678,3543,284884,-33263,54633,5394680,494005,50573,5091549,531185,4060,303131,-37180,58765,5748419,482624,54401,5434831,521619,4364,313588,-38995,61009,6126255,516861,56122,5787177,561862,4887,339078,-45001,61009,6126255,516861,56122,5787177,561862,4887,339078,-45001
음식·숙박업,제주,11053,1488547,140847,9988,1402187,151991,1065,86360,-11144,14867,1825736,210907,13658,1730937,224406,1209,94799,-13499,16620,2124974,231351,15200,2019708,246773,1420,105266,-15422,18138,2380956,261538,16539,2258727,281530,1599,122229,-19992,18138,2380956,261538,16539,2258727,281530,1599,122229,-19992
운수·창고·통신업,합계,305095,26711380,2608181,294599,25890764,2682004,10496,820616,-73823,342499,28094447,3054700,332468,27385535,3121094,10031,708912,-66394,376328,30319185,3463424,365109,29488125,3543971,11219,831060,-80547,405920,32548664,3839772,391781,31602609,3938035,14139,946053,-98264,405920,32548664,3839772,391781,31602609,3938035,14139,946053,-98264
운수·창고·통신업,서울,36888,2509007,249930,35527,2403863,262040,1361,105144,-12110,43998,2669381,302286,42661,2578591,311787,1337,90790,-9501,49852,2964802,350717,48462,2863223,362322,1390,101579,-11605,54203,3214316,403284,52565,3094582,417627,1638,119734,-14343,54203,3214316,403284,52565,3094582,417627,1638,119734,-14343
운수·창고·통신업,인천,20904,1832553,183187,20294,1782493,188618,610,50060,-5431,23131,1943841,213677,22554,1900078,219152,577,43763,-5475,26387,2128343,246153,25711,2070927,254385,676,57416,-8232,28197,2294130,273855,27473,2232991,283312,724,61139,-9457,28197,2294130,273855,27473,2232991,283312,724,61139,-9457
운수·창고·통신업,경기,78012,6297459,610737,75573,6104704,630580,2439,192755,-19843,89773,6837251,737050,87421,6669864,756023,2352,167387,-18973,101077,7678422,870165,98359,7465543,894090,2718,212879,-23925,111326,8413883,990610,107958,8176945,1013578,3368,236938,-22968,111326,8413883,990610,107958,8176945,1013578,3368,236938,-22968
운수·창고·통신업,강원,7306,594724,60903,7076,578226,61921,230,16498,-1018,7884,624375,68941,7659,609813,69998,225,14562,-1057,8709,684503,81051,8463,667953,82222,246,16550,-1171,9351,740838,91599,9090,725964,93024,261,14874,-1425,9351,740838,91599,9090,725964,93024,261,14874,-1425
운수·창고·통신업,대전,8666,780153,76287,8394,760591,77718,272,19562,-1431,9261,796881,84523,8966,779446,86165,295,17435,-1642,9768,830183,93345,9479,811937,95105,289,18246,-1760,10140,872101,101475,9792,850726,103319,348,21375,-1844,10140,872101,101475,9792,850726,103319,348,21375,-1844
운수·창고·통신업,충북,11041,1046352,106982,10713,1022484,108433,328,23868,-1451,12062,1114413,125057,11760,1089873,126273,302,24540,-1216,13068,1212813,142736,12706,1178376,145324,362,34437,-2588,14220,1294505,155860,13777,1254971,159030,443,39534,-3170,14220,1294505,155860,13777,1254971,159030,443,39534,-3170
운수·창고·통신업,충남,15219,1425813,145019,14758,1391827,147355,461,33986,-2336,16787,1509865,168737,16344,1482869,171350,443,26996,-2613,18514,1646782,194876,18011,1616117,198460,503,30665,-3584,20124,1759702,213728,19454,1717202,218355,670,42500,-4627,20124,1759702,213728,19454,1717202,218355,670,42500,-4627
운수·창고·통신업,세종,955,87950,9344,919,86154,9468,36,1796,-124,1342,118627,13523,1296,116041,13877,46,2586,-354,1512,138152,16273,1436,133074,16581,76,5078,-308,1674,153656,18805,1582,147182,19320,92,6474,-515,1674,153656,18805,1582,147182,19320,92,6474,-515
운수·창고·통신업,광주,9444,827062,68422,9214,815001,69711,230,12061,-1289,10175,857978,80219,9948,848927,81516,227,9051,-1297,10679,909460,90565,10413,899444,92021,266,10016,-1456,11201,973222,99933,10880,959102,101850,321,14120,-1917,11201,973222,99933,10880,959102,101850,321,14120,-1917
운수·창고·통신업,전북,13728,1265087,115020,13256,1231181,116472,472,33906,-1452,14652,1301797,129168,14170,1274755,131480,482,27042,-2312,15225,1351257,140496,14707,1318803,143911,518,32454,-3415,15779,1442046,153785,15140,1406036,158672,639,36010,-4887,15779,1442046,153785,15140,1406036,158672,639,36010,-4887
운수·창고·통신업,전남,11505,1146127,109923,11123,1121694,112140,382,24433,-2217,12298,1199399,129904,11949,1179209,131771,349,20190,-1867,13322,1267829,145002,12939,1243649,147126,383,24180,-2124,13674,1335736,161600,13189,1312261,164812,485,23475,-3212,13674,1335736,161600,13189,1312261,164812,485,23475,-3212
운수·창고·통신업,대구,15659,1405643,128524,15069,1368040,130202,590,37603,-1678,16660,1435623,144776,16114,1401103,146995,546,34520,-2219,17466,1505459,160909,16860,1467907,163129,606,37552,-2220,18407,1585952,174314,17740,1545358,177602,667,40594,-3288,18407,1585952,174314,17740,1545358,177602,667,40594,-3288
운수·창고·통신업,경북,18422,1779962,177086,17753,1725098,179095,669,54864,-2009,21716,1826643,199083,21051,1772266,200853,665,54377,-1770,23204,1911138,219836,22419,1847615,221972,785,63523,-2136,25602,2018708,235265,23885,1949211,239327,1717,69497,-4062,25602,2018708,235265,23885,1949211,239327,1717,69497,-4062
운수·창고·통신업,부산,25718,2615484,260669,24725,2521323,273946,993,94161,-13277,28385,2642485,301997,27485,2570618,310712,900,71867,-8715,30493,2705036,315270,29520,2627497,323715,973,77539,-8445,32446,2811150,330047,31374,2712521,341821,1072,98629,-11774,32446,2811150,330047,31374,2712521,341821,1072,98629,-11774
운수·창고·통신업,울산,6960,745827,80368,6771,728801,82179,189,17026,-1811,7577,772954,93545,7398,756122,95159,179,16832,-1614,7984,788280,100282,7810,771464,102056,174,16816,-1774,8368,820438,104149,8077,793287,107488,291,27151,-3339,8368,820438,104149,8077,793287,107488,291,27151,-3339
운수·창고·통신업,경남,22437,2153882,207477,21425,2070687,212970,1012,83195,-5493,24238,2212101,237817,23329,2142821,243019,909,69280,-5202,25964,2327151,266460,24968,2256950,271232,996,70201,-4772,27824,2505275,294065,26680,2432555,300535,1144,72720,-6470,27824,2505275,294065,26680,2432555,300535,1144,72720,-6470
운수·창고·통신업,제주,2231,198295,18303,2009,178597,19156,222,19698,-853,2560,230833,24397,2363,213139,24964,197,17694,-567,3104,269575,29289,2846,247646,30322,258,21929,-1033,3384,313004,37396,3125,291716,38362,259,21288,-966,3384,313004,37396,3125,291716,38362,259,21288,-966
출판ㆍ영상ㆍ방송통신 및 정보서비스업,합계,30729,3679474,435203,25755,3432874,501247,4974,246600,-66044,37956,3867760,579422,33650,3626316,650339,4306,241444,-70917,41217,4126483,599656,36716,3875454,663165,4501,251029,-63509,45185,4375483,676530,40343,4096310,740938,4842,279174,-64408,45185,4375483,676530,40343,4096310,740938,4842,279174,-64408
출판ㆍ영상ㆍ방송통신 및 정보서비스업,서울,12654,1700695,189234,10456,1575558,224321,2198,125137,-35087,15649,1745037,258005,13824,1639707,289713,1825,105330,-31708,16694,1852045,256940,14725,1729015,289219,1969,123030,-32279,17871,1875041,281729,15881,1749363,311947,1990,125678,-30218,17871,1875041,281729,15881,1749363,311947,1990,125678,-30218
출판ㆍ영상ㆍ방송통신 및 정보서비스업,인천,1531,152703,18124,1291,141601,20797,240,11102,-2673,1966,158867,23178,1736,145788,27456,230,13079,-4278,2200,181334,28230,1970,171198,31546,230,10136,-3316,2511,207913,33464,2226,192418,37721,285,15495,-4257,2511,207913,33464,2226,192418,37721,285,15495,-4257
출판ㆍ영상ㆍ방송통신 및 정보서비스업,경기,9833,1152096,142766,8270,1083292,161027,1563,68804,-18261,12411,1241856,184958,10993,1163084,207611,1418,78772,-22653,13703,1358359,201080,12260,1282149,219739,1443,76210,-18659,15351,1486958,229405,13775,1393591,248783,1576,93367,-19378,15351,1486958,229405,13775,1393591,248783,1576,93367,-19378
출판ㆍ영상ㆍ방송통신 및 정보서비스업,강원,433,36497,4244,363,32751,4696,70,3746,-452,473,44707,6673,423,42064,7209,50,2643,-536,546,43768,6223,482,41902,6583,64,1866,-360,606,49760,6887,553,47518,7428,53,2242,-541,606,49760,6887,553,47518,7428,53,2242,-541
출판ㆍ영상ㆍ방송통신 및 정보서비스업,대전,654,63791,9078,566,60166,9774,88,3625,-696,758,66148,12144,685,63058,12650,73,3090,-506,828,66487,9917,744,60422,11377,84,6065,-1460,895,71684,10335,791,67090,11772,104,4594,-1437,895,71684,10335,791,67090,11772,104,4594,-1437
출판ㆍ영상ㆍ방송통신 및 정보서비스업,충북,349,28527,4125,305,26790,4389,44,1737,-264,389,30592,5893,357,29320,6116,32,1272,-223,460,30707,4940,426,29791,5182,34,916,-242,523,37273,5733,457,34849,6275,66,2424,-542,523,37273,5733,457,34849,6275,66,2424,-542
출판ㆍ영상ㆍ방송통신 및 정보서비스업,충남,462,45218,5837,401,42664,6367,61,2554,-530,569,46131,7160,505,43275,8510,64,2856,-1350,624,52138,8474,564,50085,8882,60,2053,-408,679,60936,15007,613,58062,15622,66,2874,-615,679,60936,15007,613,58062,15622,66,2874,-615
출판ㆍ영상ㆍ방송통신 및 정보서비스업,세종,55,4382,657,47,4192,696,8,190,-39,127,10736,2225,117,10597,2291,10,139,-66,179,14714,2978,169,13880,3008,10,834,-30,232,18805,3473,212,18383,3561,20,422,-88,232,18805,3473,212,18383,3561,20,422,-88
출판ㆍ영상ㆍ방송통신 및 정보서비스업,광주,463,43535,4821,400,40677,5470,63,2858,-649,505,41135,6356,459,39576,6850,46,1559,-494,571,41327,6109,505,39953,6613,66,1374,-504,535,40836,6159,463,38783,6738,72,2053,-579,535,40836,6159,463,38783,6738,72,2053,-579
출판ㆍ영상ㆍ방송통신 및 정보서비스업,전북,356,34302,4138,307,32673,4377,49,1629,-239,433,38498,4958,379,34427,5723,54,4071,-765,443,34455,5954,391,31976,6336,52,2479,-382,462,38895,5115,417,37306,5838,45,1589,-723,462,38895,5115,417,37306,5838,45,1589,-723
출판ㆍ영상ㆍ방송통신 및 정보서비스업,전남,270,22359,2816,228,20782,3271,42,1577,-455,326,25287,4320,304,24107,4622,22,1180,-302,342,26210,4253,297,25129,4680,45,1081,-427,390,35050,7025,356,33222,7312,34,1828,-287,390,35050,7025,356,33222,7312,34,1828,-287
출판ㆍ영상ㆍ방송통신 및 정보서비스업,대구,835,94788,12177,723,90449,13895,112,4339,-1718,959,96150,13507,858,88961,16298,101,7189,-2791,1026,102309,15656,933,97208,16938,93,5101,-1282,1150,109028,18248,1040,104438,19451,110,4590,-1203,1150,109028,18248,1040,104438,19451,110,4590,-1203
출판ㆍ영상ㆍ방송통신 및 정보서비스업,경북,535,46639,7016,457,43020,7693,78,3619,-677,619,50188,8268,540,46007,9237,79,4181,-969,664,51055,7762,594,48215,8205,70,2840,-443,667,53399,7730,599,50586,8800,68,2813,-1070,667,53399,7730,599,50586,8800,68,2813,-1070
출판ㆍ영상ㆍ방송통신 및 정보서비스업,부산,1213,133357,14484,1023,124477,17374,190,8880,-2890,1435,134796,18928,1268,124077,21468,167,10719,-2540,1523,139978,19845,1389,133252,21451,134,6726,-1606,1647,143354,20064,1477,134399,21877,170,8955,-1813,1647,143354,20064,1477,134399,21877,170,8955,-1813
출판ㆍ영상ㆍ방송통신 및 정보서비스업,울산,223,23688,3494,192,22208,3672,31,1480,-178,282,29466,5719,257,29075,5821,25,391,-102,265,25532,4372,242,24730,4767,23,802,-395,333,26533,4916,294,25451,5278,39,1082,-362,333,26533,4916,294,25451,5278,39,1082,-362
출판ㆍ영상ㆍ방송통신 및 정보서비스업,경남,695,83061,10752,592,78661,11783,103,4400,-1031,787,85055,13525,712,82354,14752,75,2701,-1227,848,82087,11968,761,74677,13389,87,7410,-1421,979,91069,15450,886,83779,16588,93,7290,-1138,979,91069,15450,886,83779,16588,93,7290,-1138
출판ㆍ영상ㆍ방송통신 및 정보서비스업,제주,168,13836,1440,134,12913,1645,34,923,-205,268,23111,3605,233,20839,4012,35,2272,-407,301,23979,4956,264,21873,5250,37,2106,-294,354,28947,5790,303,27071,5946,51,1876,-156,354,28947,5790,303,27071,5946,51,1876,-156
금융 및 보험업,합계,22384,1370683,285429,21249,1305574,297989,1135,65109,-12560,23980,1405752,318008,22731,1356954,331101,1249,48798,-13093,24183,1491265,351083,22928,1436273,364588,1255,54992,-13505,24412,1691202,379406,23040,1643055,391577,1372,48147,-12172,24412,1691202,379406,23040,1643055,391577,1372,48147,-12172
금융 및 보험업,서울,5979,364205,74520,5474,347196,80685,505,17009,-6165,6326,368259,84523,5846,351342,90605,480,16917,-6082,6192,379014,90691,5761,361065,96323,431,17949,-5632,6099,486813,98222,5625,468902,103229,474,17911,-5007,6099,486813,98222,5625,468902,103229,474,17911,-5007
금융 및 보험업,인천,1163,71147,14252,1093,67388,15008,70,3759,-756,1242,74993,14291,1174,69946,15341,68,5047,-1050,1311,85131,17016,1232,79331,18014,79,5800,-998,1376,86308,18089,1292,82073,19373,84,4235,-1284,1376,86308,18089,1292,82073,19373,84,4235,-1284
금융 및 보험업,경기,5459,330736,67551,5160,320859,71095,299,9877,-3544,6028,343504,74266,5658,329264,76909,370,14240,-2643,5946,381845,84956,5572,363288,88204,374,18557,-3248,6066,453789,92891,5694,437732,95764,372,16057,-2873,6066,453789,92891,5694,437732,95764,372,16057,-2873
금융 및 보험업,강원,578,31726,7506,565,31295,7640,13,431,-134,618,35366,8589,603,34907,8918,15,459,-329,636,37150,9379,624,37099,9476,12,51,-97,646,36474,9841,622,36397,9856,24,77,-15,646,36474,9841,622,36397,9856,24,77,-15
금융 및 보험업,대전,725,39878,8658,708,39735,8857,17,143,-199,761,38970,8897,737,38734,9024,24,236,-127,777,41398,9453,752,40545,9676,25,853,-223,776,41958,9600,745,41132,10020,31,826,-420,776,41958,9600,745,41132,10020,31,826,-420
금융 및 보험업,충북,569,36729,8544,555,36214,8642,14,515,-98,618,38342,9333,601,37612,9464,17,730,-131,664,40978,10524,645,40390,10680,19,588,-156,668,41989,11237,641,41463,11340,27,526,-103,668,41989,11237,641,41463,11340,27,526,-103
금융 및 보험업,충남,599,39966,8857,577,39110,9035,22,856,-178,666,41788,9954,635,40143,10068,31,1645,-114,707,42512,10662,678,41641,10858,29,871,-196,743,46459,11466,713,45886,11937,30,573,-471,743,46459,11466,713,45886,11937,30,573,-471
금융 및 보험업,세종,41,2097,507,40,2062,524,1,35,-17,69,3870,1015,69,3870,1015,-,-,-,97,5463,1266,94,5185,1384,3,278,-118,118,7045,1811,115,6856,1862,3,189,-51,118,7045,1811,115,6856,1862,3,189,-51
금융 및 보험업,광주,607,34430,6393,589,32611,6573,18,1819,-180,629,40440,7316,596,40157,7429,33,283,-113,656,38170,7572,630,36155,8096,26,2015,-524,624,39229,8515,592,38169,8755,32,1060,-240,624,39229,8515,592,38169,8755,32,1060,-240
금융 및 보험업,전북,701,47922,9874,681,47442,9984,20,480,-110,842,47909,9528,810,44337,10080,32,3572,-552,850,46136,10210,812,45247,10436,38,889,-226,892,49486,10788,842,47980,11239,50,1506,-451,892,49486,10788,842,47980,11239,50,1506,-451
금융 및 보험업,전남,573,32017,7223,554,31881,7257,19,136,-34,603,34518,8023,585,34449,8041,18,69,-18,664,38906,9276,640,38656,9371,24,250,-95,665,41272,9963,634,40889,10093,31,383,-130,665,41272,9963,634,40889,10093,31,383,-130
금융 및 보험업,대구,1014,59898,12076,985,58253,12217,29,1645,-141,1056,61631,14151,1036,61403,14205,20,228,-54,1052,65055,15379,1023,64493,15709,29,562,-330,1087,67308,16279,1050,66481,16493,37,827,-214,1087,67308,16279,1050,66481,16493,37,827,-214
금융 및 보험업,경북,1053,62968,14198,1037,62640,14234,16,328,-36,1108,68581,16203,1094,67241,16457,14,1340,-254,1134,67591,17307,1108,67269,17425,26,322,-118,1176,69261,17877,1148,68622,17977,28,639,-100,1176,69261,17877,1148,68622,17977,28,639,-100
금융 및 보험업,부산,1579,114248,19961,1519,87211,20825,60,27037,-864,1548,95151,23347,1477,91896,24696,71,3255,-1349,1556,98591,26049,1482,95667,27274,74,2924,-1225,1511,99385,29898,1438,97216,30483,73,2169,-585,1511,99385,29898,1438,97216,30483,73,2169,-585
금융 및 보험업,울산,438,27664,6377,433,27603,6390,5,61,-13,498,29503,7246,488,29326,7280,10,177,-34,476,29898,7138,459,29474,7211,17,424,-73,468,31519,7707,452,31290,7762,16,229,-55,468,31519,7707,452,31290,7762,16,229,-55
금융 및 보험업,경남,1092,61555,15492,1070,61019,15566,22,536,-74,1142,67858,17244,1100,67419,17378,42,439,-134,1204,75983,19200,1165,73486,19375,39,2497,-175,1212,74220,19821,1161,73350,19950,51,870,-129,1212,74220,19821,1161,73350,19950,51,870,-129
금융 및 보험업,제주,214,13497,3440,209,13055,3457,5,442,-17,226,15069,4082,222,14908,4191,4,161,-109,261,17444,5007,251,17283,5076,10,161,-69,285,18689,5401,276,18617,5445,9,72,-44,285,18689,5401,276,18617,5445,9,72,-44
부동산업,합계,1201006,49921619,16460186,1108151,47208005,17401944,92855,2713614,-941758,1141196,50454105,17305669,1063083,48134253,18208088,78113,2319852,-902419,1176840,40541675,16816640,1096295,38701506,17674245,80545,1840169,-857605,1271766,42739590,17897787,1172638,40819738,18904839,99128,1919851,-1007050,1271766,42739590,17897787,1172638,40819738,18904839,99128,1919851,-1007050
부동산업,서울,396847,17612192,6996089,364918,16639322,7354666,31929,972870,-358577,375126,17517830,7264231,347584,16719404,7606776,27542,798426,-342545,385606,16280861,7272785,358161,15584539,7601957,27445,696322,-329172,405781,16904322,7602531,373639,16277443,7972888,32142,626879,-370357,405781,16904322,7602531,373639,16277443,7972888,32142,626879,-370357
부동산업,인천,54386,2455196,630561,49719,2317760,681815,4667,137436,-51254,52394,2785030,739322,48821,2647094,780908,3573,137936,-41586,53597,1893076,669564,49930,1815830,705046,3667,77246,-35482,58428,2012812,735750,53973,1911675,776722,4455,101137,-40972,58428,2012812,735750,53973,1911675,776722,4455,101137,-40972
부동산업,경기,320430,12365159,4127037,293621,11682067,4389394,26809,683092,-262357,315576,12865816,4444179,293027,12263088,4681984,22549,602728,-237805,328270,10875693,4374018,305015,10352657,4611085,23255,523036,-237067,358627,11894942,4800451,330185,11307125,5062341,28442,587817,-261890,358627,11894942,4800451,330185,11307125,5062341,28442,587817,-261890
부동산업,강원,26026,711169,231678,24683,666713,247276,1343,44456,-15598,24107,768221,253476,22869,723309,267206,1238,44912,-13730,24880,632076,261514,23541,609880,269705,1339,22196,-8191,27220,619039,273611,25538,588354,284024,1682,30685,-10413,27220,619039,273611,25538,588354,284024,1682,30685,-10413
부동산업,대전,28666,791486,258632,26370,746702,274264,2296,44784,-15632,26891,725208,259496,25029,691336,273973,1862,33872,-14477,27770,672505,262534,25904,643432,276831,1866,29073,-14297,30171,715257,290706,27917,688432,305970,2254,26825,-15264,30171,715257,290706,27917,688432,305970,2254,26825,-15264
부동산업,충북,25739,747971,240223,24051,703031,257416,1688,44940,-17193,24045,833348,284509,22727,801772,295885,1318,31576,-11376,24840,609085,242761,23438,544803,254880,1402,64282,-12119,27309,653884,278901,25528,617607,290913,1781,36277,-12012,27309,653884,278901,25528,617607,290913,1781,36277,-12012
부동산업,충남,32762,955844,335474,30410,908821,352239,2352,47023,-16765,30731,963720,352879,28798,916331,368979,1933,47389,-16100,32082,835131,335118,29871,796110,349847,2211,39021,-14729,35590,925027,371362,32924,878811,390609,2666,46216,-19247,35590,925027,371362,32924,878811,390609,2666,46216,-19247
부동산업,세종,3126,96740,30308,2806,91643,32193,320,5097,-1885,4406,118081,36124,3950,107580,41820,456,10501,-5696,5421,131028,46554,4840,124486,51854,581,6542,-5300,7443,186860,64415,6533,175253,75229,910,11607,-10814,7443,186860,64415,6533,175253,75229,910,11607,-10814
부동산업,광주,23875,835818,229363,21705,793278,249546,2170,42540,-20183,22210,741438,220469,20470,703125,235300,1740,38313,-14831,23405,641357,232488,21490,616231,244188,1915,25126,-11700,25358,659222,244162,22964,631086,262898,2394,28136,-18736,25358,659222,244162,22964,631086,262898,2394,28136,-18736
부동산업,전북,23398,653766,190409,21195,615880,206139,2203,37886,-15730,22022,733790,193160,20015,693559,212846,2007,40231,-19686,22375,600596,201905,20638,570775,217795,1737,29821,-15890,23908,562729,194894,21419,524370,211422,2489,38359,-16528,23908,562729,194894,21419,524370,211422,2489,38359,-16528
부동산업,전남,20326,588399,158573,18628,561785,169452,1698,26614,-10879,17731,584449,162313,16500,565911,171683,1231,18538,-9370,18445,392756,149793,17153,378494,156716,1292,14262,-6923,20226,444781,167756,18629,424416,179884,1597,20365,-12128,20226,444781,167756,18629,424416,179884,1597,20365,-12128
부동산업,대구,52231,3327368,753861,49180,3166139,786275,3051,161229,-32414,46785,3175757,771135,44287,3062127,801351,2498,113630,-30216,46506,1627138,647582,43782,1556518,678372,2724,70620,-30790,51110,1664018,664637,47562,1573655,701245,3548,90363,-36608,51110,1664018,664637,47562,1573655,701245,3548,90363,-36608
부동산업,경북,35037,1276441,371847,33454,1228606,383574,1583,47835,-11727,31627,1197435,355121,30241,1146552,369986,1386,50883,-14865,32074,795128,328283,30519,758800,342780,1555,36328,-14497,35184,829303,349677,33045,788007,368069,2139,41296,-18392,35184,829303,349677,33045,788007,368069,2139,41296,-18392
부동산업,부산,76078,3901163,1001775,70669,3710292,1063307,5409,190871,-61532,69370,3692843,977449,65120,3497492,1059180,4250,195351,-81731,70425,2303467,889006,65887,2201295,966259,4538,102172,-77253,75543,2439122,937857,69727,2315692,1038918,5816,123430,-101061,75543,2439122,937857,69727,2315692,1038918,5816,123430,-101061
부동산업,울산,20204,727449,224902,19090,698433,237377,1114,29016,-12475,19874,798709,241821,18899,768310,252603,975,30399,-10782,20646,549181,224582,19505,529374,232750,1141,19807,-8168,22492,580954,240965,21062,553664,251793,1430,27290,-10828,22492,580954,240965,21062,553664,251793,1430,27290,-10828
부동산업,경남,51303,2531158,558992,47591,2345276,592005,3712,185882,-33013,48111,2545896,602962,45045,2433176,635918,3066,112720,-32956,49154,1346738,513130,45928,1272602,543774,3226,74136,-30644,53931,1211406,491309,49551,1149583,528784,4380,61823,-37475,53931,1211406,491309,49551,1149583,528784,4380,61823,-37475
부동산업,제주,10572,344300,120462,10061,332257,125006,511,12043,-4544,10190,406534,147023,9701,394087,151690,489,12447,-4667,11344,355859,165024,10693,345679,170406,651,10180,-5382,13445,435911,188806,12442,414566,203132,1003,21345,-14326,13445,435911,188806,12442,414566,203132,1003,21345,-14326
임대 및 사업서비스업,합계,146882,23670859,3470616,129575,22493360,3690797,17307,1177499,-220181,179178,25418910,4267186,162609,24252415,4492310,16569,1166495,-225124,-,-,-,-,-,-,-,-,-,-,-,-,-,-,-,-,-,-,212112,29108278,4611354,191597,27681848,4870956,20515,1426431,-259602
임대 및 사업서비스업,서울,38424,6859868,1030541,32084,6506380,1128389,6340,353488,-97848,47632,7669479,1283114,41923,7322592,1370213,5709,346887,-87099,-,-,-,-,-,-,-,-,-,-,-,-,-,-,-,-,-,-,54638,9343713,1412578,47903,8962527,1505261,6735,381186,-92683
임대 및 사업서비스업,인천,7530,1000524,135973,6731,955790,144424,799,44734,-8451,9142,1062342,169658,8362,1012679,180123,780,49663,-10465,-,-,-,-,-,-,-,-,-,-,-,-,-,-,-,-,-,-,11020,1239770,197442,10008,1180071,209393,1012,59699,-11951
임대 및 사업서비스업,경기,37390,5797089,759395,32613,5505645,820211,4777,291444,-60816,46341,5875047,946415,41641,5573342,1011525,4700,301705,-65110,-,-,-,-,-,-,-,-,-,-,-,-,-,-,-,-,-,-,57053,7262584,1141058,51402,6905185,1214433,5651,357399,-73375
임대 및 사업서비스업,강원,3389,402294,69762,3086,389131,72182,303,13163,-2420,4094,446751,88542,3799,429747,91504,295,17004,-2962,-,-,-,-,-,-,-,-,-,-,-,-,-,-,-,-,-,-,4713,521026,100186,4377,504349,103138,336,16677,-2952
임대 및 사업서비스업,대전,3912,530681,89001,3533,504356,92296,379,26325,-3295,4688,562693,104204,4323,542392,107584,365,20301,-3380,-,-,-,-,-,-,-,-,-,-,-,-,-,-,-,-,-,-,5577,621260,109530,5096,595557,114159,481,25703,-4629
임대 및 사업서비스업,충북,3444,514406,77113,3098,494729,79813,346,19677,-2700,4003,530613,93851,3721,507179,96199,282,23434,-2348,-,-,-,-,-,-,-,-,-,-,-,-,-,-,-,-,-,-,4920,619097,104242,4515,592092,107591,405,27005,-3349
임대 및 사업서비스업,충남,4096,585162,85890,3668,553158,89724,428,32004,-3834,4825,621368,102728,4423,592258,106553,402,29110,-3825,-,-,-,-,-,-,-,-,-,-,-,-,-,-,-,-,-,-,6290,797962,134112,5773,757627,138851,517,40335,-4739
임대 및 사업서비스업,세종,368,43475,6538,320,41287,7098,48,2188,-560,673,74188,13533,599,69805,14322,74,4383,-789,-,-,-,-,-,-,-,-,-,-,-,-,-,-,-,-,-,-,1186,125161,20910,1050,120058,22373,136,5103,-1463
임대 및 사업서비스업,광주,4042,493496,87902,3712,476609,90669,330,16887,-2767,4649,525364,103498,4337,509588,106588,312,15776,-3090,-,-,-,-,-,-,-,-,-,-,-,-,-,-,-,-,-,-,5385,601257,110153,4961,584202,113895,424,17055,-3742
임대 및 사업서비스업,전북,3767,437940,73461,3420,416516,76636,347,21424,-3175,4569,477413,89667,4205,455014,93169,364,22399,-3502,-,-,-,-,-,-,-,-,-,-,-,-,-,-,-,-,-,-,5456,522984,100649,4956,499743,104639,500,23241,-3990
임대 및 사업서비스업,전남,2791,330420,58706,2589,320703,60508,202,9717,-1802,3317,361127,71425,3110,352378,73608,207,8749,-2183,-,-,-,-,-,-,-,-,-,-,-,-,-,-,-,-,-,-,3977,426321,86044,3709,414954,87789,268,11367,-1745
임대 및 사업서비스업,대구,6862,1304128,169020,6314,1266586,174418,548,37542,-5398,8293,1395710,208417,7693,1350553,215975,600,45157,-7558,-,-,-,-,-,-,-,-,-,-,-,-,-,-,-,-,-,-,9411,1484075,210384,8646,1430149,219839,765,53926,-9455
임대 및 사업서비스업,경북,5301,727002,114630,4845,684907,118020,456,42095,-3390,6301,763129,140652,5844,723830,144255,457,39299,-3603,-,-,-,-,-,-,-,-,-,-,-,-,-,-,-,-,-,-,7110,777621,145369,6580,743310,149417,530,34311,-4048
임대 및 사업서비스업,부산,10463,1612376,264957,9573,1513218,275288,890,99158,-10331,12442,1726903,308431,11545,1666022,320010,897,60881,-11579,-,-,-,-,-,-,-,-,-,-,-,-,-,-,-,-,-,-,14504,1880978,306919,13318,1800259,320888,1186,80719,-13969
임대 및 사업서비스업,울산,3984,726485,126223,3776,704656,128610,208,21829,-2387,4656,824592,150084,4414,789879,154250,242,34713,-4166,-,-,-,-,-,-,-,-,-,-,-,-,-,-,-,-,-,-,4601,616942,102518,4292,581822,106656,309,35120,-4138
임대 및 사업서비스업,경남,9647,2122741,284995,8915,1987312,294275,732,135429,-9280,11591,2273607,341047,10879,2136586,351198,712,137021,-10151,-,-,-,-,-,-,-,-,-,-,-,-,-,-,-,-,-,-,13635,1959687,263535,12651,1717705,283718,984,241982,-20183
임대 및 사업서비스업,제주,1472,182772,36509,1298,172377,38236,174,10395,-1727,1962,228584,51920,1791,218571,55234,171,10013,-3314,-,-,-,-,-,-,-,-,-,-,-,-,-,-,-,-,-,-,2636,307841,65726,2360,292238,68916,276,15603,-3190
임대(부동산 제외) 및 사업서비스업,합계,-,-,-,-,-,-,-,-,-,-,-,-,-,-,-,-,-,-,193405,26721378,4339645,175222,25433503,4579776,18183,1287875,-240131,212112,29108278,4611354,191597,27681848,4870956,20515,1426431,-259602,,,,,,,,,
임대(부동산 제외) 및 사업서비스업,서울,-,-,-,-,-,-,-,-,-,-,-,-,-,-,-,-,-,-,50599,8064052,1354265,44508,7701538,1440448,6091,362514,-86183,54638,9343713,1412578,47903,8962527,1505261,6735,381186,-92683,,,,,,,,,
임대(부동산 제외) 및 사업서비스업,인천,-,-,-,-,-,-,-,-,-,-,-,-,-,-,-,-,-,-,9737,1134556,176927,8859,1073419,186730,878,61137,-9803,11020,1239770,197442,10008,1180071,209393,1012,59699,-11951,,,,,,,,,
임대(부동산 제외) 및 사업서비스업,경기,-,-,-,-,-,-,-,-,-,-,-,-,-,-,-,-,-,-,50603,6426690,1012693,45607,6091254,1085844,4996,335436,-73151,57053,7262584,1141058,51402,6905185,1214433,5651,357399,-73375,,,,,,,,,
임대(부동산 제외) 및 사업서비스업,강원,-,-,-,-,-,-,-,-,-,-,-,-,-,-,-,-,-,-,4340,478478,92091,4044,464476,94893,296,14002,-2802,4713,521026,100186,4377,504349,103138,336,16677,-2952,,,,,,,,,
임대(부동산 제외) 및 사업서비스업,대전,-,-,-,-,-,-,-,-,-,-,-,-,-,-,-,-,-,-,5114,613680,104081,4691,590887,108075,423,22793,-3994,5577,621260,109530,5096,595557,114159,481,25703,-4629,,,,,,,,,
임대(부동산 제외) 및 사업서비스업,충북,-,-,-,-,-,-,-,-,-,-,-,-,-,-,-,-,-,-,4443,568745,97112,4106,544043,99807,337,24702,-2695,4920,619097,104242,4515,592092,107591,405,27005,-3349,,,,,,,,,
임대(부동산 제외) 및 사업서비스업,충남,-,-,-,-,-,-,-,-,-,-,-,-,-,-,-,-,-,-,5450,676103,110903,5014,641081,114578,436,35022,-3675,6290,797962,134112,5773,757627,138851,517,40335,-4739,,,,,,,,,
임대(부동산 제외) 및 사업서비스업,세종,-,-,-,-,-,-,-,-,-,-,-,-,-,-,-,-,-,-,857,99463,16640,758,95861,17515,99,3602,-875,1186,125161,20910,1050,120058,22373,136,5103,-1463,,,,,,,,,
임대(부동산 제외) 및 사업서비스업,광주,-,-,-,-,-,-,-,-,-,-,-,-,-,-,-,-,-,-,5015,548789,101058,4621,523415,104471,394,25374,-3413,5385,601257,110153,4961,584202,113895,424,17055,-3742,,,,,,,,,
임대(부동산 제외) 및 사업서비스업,전북,-,-,-,-,-,-,-,-,-,-,-,-,-,-,-,-,-,-,4984,501105,93234,4553,482677,96809,431,18428,-3575,5456,522984,100649,4956,499743,104639,500,23241,-3990,,,,,,,,,
임대(부동산 제외) 및 사업서비스업,전남,-,-,-,-,-,-,-,-,-,-,-,-,-,-,-,-,-,-,3667,391489,74384,3396,375427,77584,271,16062,-3200,3977,426321,86044,3709,414954,87789,268,11367,-1745,,,,,,,,,
임대(부동산 제외) 및 사업서비스업,대구,-,-,-,-,-,-,-,-,-,-,-,-,-,-,-,-,-,-,8694,1497687,203182,8042,1451854,211174,652,45833,-7992,9411,1484075,210384,8646,1430149,219839,765,53926,-9455,,,,,,,,,
임대(부동산 제외) 및 사업서비스업,경북,-,-,-,-,-,-,-,-,-,-,-,-,-,-,-,-,-,-,6754,769549,139984,6275,734788,143039,479,34761,-3055,7110,777621,145369,6580,743310,149417,530,34311,-4048,,,,,,,,,
임대(부동산 제외) 및 사업서비스업,부산,-,-,-,-,-,-,-,-,-,-,-,-,-,-,-,-,-,-,13369,1869635,297980,12369,1798804,311057,1000,70831,-13077,14504,1880978,306919,13318,1800259,320888,1186,80719,-13969,,,,,,,,,
임대(부동산 제외) 및 사업서비스업,울산,-,-,-,-,-,-,-,-,-,-,-,-,-,-,-,-,-,-,4648,686790,117230,4374,659864,121756,274,26926,-4526,4601,616942,102518,4292,581822,106656,309,35120,-4138,,,,,,,,,
임대(부동산 제외) 및 사업서비스업,경남,-,-,-,-,-,-,-,-,-,-,-,-,-,-,-,-,-,-,12837,2127691,288888,11926,1950624,303522,911,177067,-14634,13635,1959687,263535,12651,1717705,283718,984,241982,-20183,,,,,,,,,
임대(부동산 제외) 및 사업서비스업,제주,-,-,-,-,-,-,-,-,-,-,-,-,-,-,-,-,-,-,2294,266877,58992,2079,253491,62474,215,13386,-3482,2636,307841,65726,2360,292238,68916,276,15603,-3190,,,,,,,,,
교육서비스업,합계,107854,8910604,1129064,95398,8151362,1284217,12456,759242,-155153,124979,9366358,1404366,111798,8598029,1581919,13181,768329,-177553,131961,9943102,1389208,117613,9149956,1563816,14348,793146,-174608,140405,10315203,1408924,125017,9421179,1595497,15388,894023,-186573,140405,10315203,1408924,125017,9421179,1595497,15388,894023,-186573
교육서비스업,서울,21450,2354580,255737,17672,2078974,317080,3778,275606,-61343,25026,2389202,306830,21108,2110103,372815,3918,279099,-65985,25877,2452248,301190,21863,2185707,362579,4014,266541,-61389,27324,2479659,299054,23197,2178109,362383,4127,301550,-63329,27324,2479659,299054,23197,2178109,362383,4127,301550,-63329
교육서비스업,인천,5325,463349,48966,4593,416670,58188,732,46679,-9222,6236,503780,68878,5528,462478,77556,708,41302,-8678,6910,562275,72112,6075,518355,81960,835,43920,-9848,7472,581680,70939,6545,524705,81831,927,56975,-10892,7472,581680,70939,6545,524705,81831,927,56975,-10892
교육서비스업,경기,28466,2512653,284410,24451,2269053,331826,4015,243600,-47416,33727,2680009,363368,29448,2430130,421242,4279,249879,-57874,36178,2919884,371625,31515,2652686,427662,4663,267198,-56037,39467,3071347,385636,34472,2783332,446483,4995,288015,-60847,39467,3071347,385636,34472,2783332,446483,4995,288015,-60847
교육서비스업,강원,3087,168399,26584,2874,157594,28523,213,10805,-1939,3471,177279,33364,3247,168005,35445,224,9274,-2081,3584,188938,34164,3336,179830,35927,248,9108,-1763,3688,191837,33583,3418,180319,35888,270,11518,-2305,3688,191837,33583,3418,180319,35888,270,11518,-2305
교육서비스업,대전,3336,254933,38101,3035,240039,40597,301,14894,-2496,3790,265553,45161,3471,253425,48400,319,12128,-3239,3963,280550,44885,3621,266167,47747,342,14383,-2862,4078,295887,47121,3744,283200,49967,334,12687,-2846,4078,295887,47121,3744,283200,49967,334,12687,-2846
교육서비스업,충북,3091,198591,32460,2869,187255,34396,222,11336,-1936,3560,211678,38855,3303,200503,41280,257,11175,-2425,3603,221033,37587,3304,209035,40174,299,11998,-2587,3802,229940,36283,3493,215324,39729,309,14616,-3446,3802,229940,36283,3493,215324,39729,309,14616,-3446
교육서비스업,충남,3501,241783,36289,3225,226157,39078,276,15626,-2789,3936,251293,43159,3642,234573,46045,294,16720,-2886,4217,270215,42321,3864,257050,45619,353,13165,-3298,4501,283213,41527,4113,262143,45551,388,21070,-4024,4501,283213,41527,4113,262143,45551,388,21070,-4024
교육서비스업,세종,348,22647,2876,305,20767,3320,43,1880,-444,658,42993,5937,575,39020,6888,83,3973,-951,833,61520,8088,735,57454,9106,98,4066,-1018,1120,77148,9504,946,69703,11572,174,7445,-2068,1120,77148,9504,946,69703,11572,174,7445,-2068
교육서비스업,광주,4139,296556,40644,3799,284607,45205,340,11949,-4561,4568,302319,50511,4205,289604,53614,363,12715,-3103,4769,322852,49653,4363,307949,52941,406,14903,-3288,4925,335320,50445,4501,319421,54707,424,15899,-4262,4925,335320,50445,4501,319421,54707,424,15899,-4262
교육서비스업,전북,3863,221039,33150,3605,209725,35553,258,11314,-2403,4299,230905,41208,4047,222205,43572,252,8700,-2364,4540,244190,39805,4249,232914,42392,291,11276,-2587,4757,259381,41654,4454,248239,44009,303,11142,-2355,4757,259381,41654,4454,248239,44009,303,11142,-2355
교육서비스업,전남,3038,162277,26335,2862,157230,27155,176,5047,-820,3479,171869,31680,3276,166010,33100,203,5859,-1420,3547,182071,30943,3349,176845,32272,198,5226,-1329,3722,189292,32075,3489,183681,33461,233,5611,-1386,3722,189292,32075,3489,183681,33461,233,5611,-1386
교육서비스업,대구,5425,420238,63655,5021,398575,67266,404,21663,-3611,6253,455591,81519,5792,433182,87061,461,22409,-5542,6660,483123,75914,6127,453248,82419,533,29875,-6505,7045,487594,76277,6470,457744,82211,575,29850,-5934,7045,487594,76277,6470,457744,82211,575,29850,-5934
교육서비스업,경북,4860,270617,45961,4556,256888,48506,304,13729,-2545,5492,286424,56115,5195,272740,58657,297,13684,-2542,5734,300686,53309,5367,285776,56197,367,14910,-2888,5902,310044,52417,5481,291401,56091,421,18643,-3674,5902,310044,52417,5481,291401,56091,421,18643,-3674
교육서비스업,부산,6855,540452,71103,6169,498038,79366,686,42414,-8263,7775,576031,91477,7085,530001,100825,690,46030,-9348,8152,593973,88158,7440,549952,97503,712,44021,-9345,8455,617025,88948,7665,569045,97796,790,47980,-8848,8455,617025,88948,7665,569045,97796,790,47980,-8848
교육서비스업,울산,2853,230361,34406,2681,220085,35920,172,10276,-1514,3232,239273,41858,3038,229002,43954,194,10271,-2096,3344,244107,39109,3124,233416,41627,220,10691,-2518,3560,258178,40024,3287,246435,42752,273,11743,-2728,3560,258178,40024,3287,246435,42752,273,11743,-2728
교육서비스업,경남,6929,464002,74128,6494,446103,77380,435,17899,-3252,7890,481601,86084,7375,461212,91712,515,20389,-5628,8331,507673,81787,7711,482471,88013,620,25202,-6226,8705,527719,83875,8032,496782,89753,673,30937,-5878,8705,527719,83875,8032,496782,89753,673,30937,-5878
교육서비스업,제주,1288,88127,14259,1187,83602,14858,101,4525,-599,1587,100558,18362,1463,95836,19753,124,4722,-1391,1719,107763,18558,1570,101100,19677,149,6663,-1119,1882,119937,19564,1710,111596,21313,172,8341,-1749,1882,119937,19564,1710,111596,21313,172,8341,-1749
보건(의료업),합계,73150,44766451,11470940,69348,43258716,11703572,3802,1507735,-232632,94638,48501611,12904813,88114,47086185,13174771,6524,1415426,-269958,97264,52892132,14050099,90398,51619623,14329992,6866,1272509,-279893,100378,57082883,15104220,92852,55589923,15416167,7526,1492960,-311946,100378,57082883,15104220,92852,55589923,15416167,7526,1492960,-311946
보건(의료업),서울,24956,15764234,3755009,23286,15052332,3871215,1670,711902,-116206,32622,17060303,4210323,30086,16381934,4334318,2536,678369,-123995,33640,18824480,4662727,31005,18222623,4784820,2635,601857,-122093,34782,20647722,5145588,31949,20006588,5281503,2833,641134,-135915,34782,20647722,5145588,31949,20006588,5281503,2833,641134,-135915
보건(의료업),인천,2219,1296810,310606,2106,1244141,316773,113,52669,-6167,2874,1383979,354236,2670,1342687,362924,204,41292,-8688,2942,1476295,388674,2727,1442179,395411,215,34116,-6737,3110,1622009,426441,2871,1593836,436031,239,28173,-9590,3110,1622009,426441,2871,1593836,436031,239,28173,-9590
보건(의료업),경기,12709,7073132,1727123,11922,6783673,1771131,787,289459,-44008,15723,7523215,1937665,14585,7291416,1981978,1138,231799,-44313,16179,8150760,2081021,14987,7963645,2126086,1192,187115,-45065,16716,8658872,2194382,15381,8403709,2254957,1335,255163,-60575,16716,8658872,2194382,15381,8403709,2254957,1335,255163,-60575
보건(의료업),강원,1488,735492,227835,1436,713773,231295,52,21719,-3460,1896,779894,258403,1809,772615,261361,87,7279,-2958,1936,846315,276350,1842,834450,283805,94,11865,-7455,1964,880097,290310,1871,865336,293051,93,14761,-2741,1964,880097,290310,1871,865336,293051,93,14761,-2741
보건(의료업),대전,2886,1612100,465253,2782,1587031,469558,104,25069,-4305,3657,1744077,506915,3445,1706569,517487,212,37508,-10572,3774,1927639,566112,3550,1882310,577425,224,45329,-11313,3812,2065096,597984,3575,2003280,610173,237,61816,-12189,3812,2065096,597984,3575,2003280,610173,237,61816,-12189
보건(의료업),충북,1530,867091,258173,1462,833133,261575,68,33958,-3402,1923,922357,286829,1815,901970,291202,108,20387,-4373,1966,981399,307156,1851,968218,310346,115,13181,-3190,2045,1055109,325110,1914,1021083,328421,131,34026,-3311,2045,1055109,325110,1914,1021083,328421,131,34026,-3311
보건(의료업),충남,1848,1158605,313182,1771,1136757,320702,77,21848,-7520,2287,1250011,362988,2151,1233451,365848,136,16560,-2860,2352,1390475,392853,2223,1371542,396623,129,18933,-3770,2444,1465791,410487,2303,1447321,416619,141,18470,-6132,2444,1465791,410487,2303,1447321,416619,141,18470,-6132
보건(의료업),세종,140,42916,12382,126,41584,12788,14,1332,-406,268,93633,26667,234,91155,27241,34,2478,-574,334,132935,37669,289,128652,38992,45,4283,-1323,475,191411,53543,401,185637,55219,74,5774,-1676,475,191411,53543,401,185637,55219,74,5774,-1676
보건(의료업),광주,3164,2269048,558818,3050,2228696,564878,114,40352,-6060,4035,2519374,626779,3787,2482259,639840,248,37115,-13061,4200,2780262,690675,3863,2731481,701182,337,48781,-10507,4278,2969692,719929,3891,2899414,732695,387,70278,-12766,4278,2969692,719929,3891,2899414,732695,387,70278,-12766
보건(의료업),전북,2514,1606734,445273,2426,1578578,449018,88,28156,-3745,3182,1712357,490033,2976,1667997,496139,206,44360,-6106,3198,1842366,520221,2990,1801548,526246,208,40818,-6025,3263,1952075,539943,3049,1904344,546754,214,47731,-6811,3263,1952075,539943,3049,1904344,546754,214,47731,-6811
보건(의료업),전남,1691,1301839,330623,1647,1280246,333009,44,21593,-2386,2318,1401983,362240,2162,1316345,366886,156,85638,-4646,2269,1479617,393548,2135,1460786,397453,134,18831,-3905,2324,1541102,410819,2162,1521957,415346,162,19145,-4527,2324,1541102,410819,2162,1521957,415346,162,19145,-4527
보건(의료업),대구,4886,2890680,869248,4737,2828080,876335,149,62600,-7087,6464,3208299,995293,6155,3157634,1006235,309,50665,-10942,6708,3525358,1088302,6335,3478210,1100556,373,47148,-12254,6976,3758998,1159716,6570,3691539,1171686,406,67459,-11970,6976,3758998,1159716,6570,3691539,1171686,406,67459,-11970
보건(의료업),경북,1916,1078023,332516,1870,1068307,334350,46,9716,-1834,2486,1150604,361011,2353,1122705,365433,133,27899,-4422,2482,1213069,382749,2353,1204247,384954,129,8822,-2205,2563,1268267,389125,2406,1236869,393351,157,31398,-4226,2563,1268267,389125,2406,1236869,393351,157,31398,-4226
보건(의료업),부산,6104,3843342,957577,5790,3695264,976052,314,148078,-18475,8164,4240575,1113118,7564,4165050,1132208,600,75525,-19090,8368,4606085,1190888,7785,4483026,1220966,583,123059,-30078,8477,5013049,1296455,7838,4885565,1323741,639,127484,-27286,8477,5013049,1296455,7838,4885565,1323741,639,127484,-27286
보건(의료업),울산,1236,769597,222628,1196,760950,223996,40,8647,-1368,1590,841520,246205,1497,833526,248483,93,7994,-2278,1582,876259,253706,1486,861614,256236,96,14645,-2530,1640,953476,271062,1546,937663,273078,94,15813,-2016,1640,953476,271062,1546,937663,273078,94,15813,-2016
보건(의료업),경남,3069,2051959,559122,2967,2025409,565020,102,26550,-5898,4068,2197464,617106,3806,2151425,625775,262,46039,-8669,4172,2320710,655470,3894,2273761,664613,278,46949,-9143,4251,2460702,694890,3974,2419191,700986,277,41511,-6096,4251,2460702,694890,3974,2419191,700986,277,41511,-6096
보건(의료업),제주,794,404849,125572,774,400762,125877,20,4087,-305,1081,471966,149002,1019,467447,151413,62,4519,-2411,1162,518107,161977,1083,511329,164277,79,6778,-2300,1258,579412,178438,1151,566590,182557,107,12822,-4119,1258,579412,178438,1151,566590,182557,107,12822,-4119
기타 서비스업,합계,1706114,51865842,12081770,1655704,49799228,12509946,50410,2066614,-428176,1705050,58051671,14084680,1646930,55895713,14621475,58120,2155958,-536795,1958408,72858702,16487422,1893129,70488981,17128299,65279,2369721,-640877,2257597,71311823,18267851,2167754,68568992,19096493,89843,2742830,-828642,2257597,71311823,18267851,2167754,68568992,19096493,89843,2742830,-828642
기타 서비스업,서울,492106,15230513,3947941,476490,14528355,4105476,15616,702158,-157535,497736,16684499,4513385,479322,15958527,4712096,18414,725972,-198711,559091,18311830,5285807,539283,17558680,5491620,19808,753150,-205813,629352,19604660,5638075,603345,18751904,5878031,26007,852756,-239956,629352,19604660,5638075,603345,18751904,5878031,26007,852756,-239956
기타 서비스업,인천,106092,3096370,704561,103339,2978812,726840,2753,117558,-22279,110072,3557017,843437,106827,3452325,871515,3245,104692,-28078,130050,4095041,1025298,126362,3963455,1066660,3688,131586,-41362,154252,4633181,1137936,148674,4484948,1227993,5578,148233,-90057,154252,4633181,1137936,148674,4484948,1227993,5578,148233,-90057
기타 서비스업,경기,476959,14695694,3344091,462642,14110506,3470664,14317,585188,-126573,491703,16654943,3949485,474253,16006068,4118704,17450,648875,-169219,579336,18934177,4777842,559304,18208191,4977360,20032,725986,-199518,688529,21599013,5486586,660115,20742431,5765418,28414,856582,-278832,688529,21599013,5486586,660115,20742431,5765418,28414,856582,-278832
기타 서비스업,강원,34929,980874,215032,33987,949111,219954,942,31763,-4922,33467,1103737,250088,32466,1069548,255970,1001,34189,-5882,37462,1222198,288109,36298,1185939,295321,1164,36259,-7212,41949,1369607,331277,40469,1331124,339867,1480,38483,-8590,41949,1369607,331277,40469,1331124,339867,1480,38483,-8590
기타 서비스업,대전,47684,1355049,306737,46439,1310853,315140,1245,44196,-8403,44788,1474916,346110,43423,1430124,355328,1365,44792,-9218,50735,1590438,389691,49164,1538713,399691,1571,51725,-10000,57694,1768545,433300,55565,1709306,447538,2129,59239,-14238,57694,1768545,433300,55565,1709306,447538,2129,59239,-14238
기타 서비스업,충북,36196,1064927,225425,35275,1022002,233303,921,42925,-7878,34837,1210093,268436,33726,1172058,277691,1111,38035,-9255,39113,1317447,309415,37924,1279216,318193,1189,38231,-8778,45511,1481117,356381,43926,1438682,365595,1585,42435,-9214,45511,1481117,356381,43926,1438682,365595,1585,42435,-9214
기타 서비스업,충남,45221,1420779,295808,43977,1367587,306665,1244,53192,-10857,44311,1594122,351391,42885,1541279,362694,1426,52843,-11303,53897,1810202,417212,52175,1748077,430809,1722,62125,-13597,65728,2132672,496755,63483,2056276,524139,2245,76396,-27384,65728,2132672,496755,63483,2056276,524139,2245,76396,-27384
기타 서비스업,세종,4001,116510,26628,3851,110647,27692,150,5863,-1064,6290,212628,51656,6030,205078,53904,260,7550,-2248,8429,266549,69882,8046,254067,72626,383,12482,-2744,11305,339362,89230,10679,327737,93438,626,11625,-4208,11305,339362,89230,10679,327737,93438,626,11625,-4208
기타 서비스업,광주,43899,1283481,269063,42500,1248915,274829,1399,34566,-5766,42675,1424694,318730,41239,1390177,326012,1436,34517,-7282,47917,1540121,354821,46281,1504985,363699,1636,35136,-8878,53727,1683537,393058,51373,1638612,405045,2354,44925,-11987,53727,1683537,393058,51373,1638612,405045,2354,44925,-11987
기타 서비스업,전북,40118,1157441,244516,38967,1120954,250056,1151,36487,-5540,37916,1260872,273720,36605,1220345,282089,1311,40527,-8369,42810,1397786,294951,41308,1350959,322047,1502,46827,-27096,48735,1534356,346973,46675,1477153,359665,2060,57203,-12692,48735,1534356,346973,46675,1477153,359665,2060,57203,-12692
기타 서비스업,전남,33906,1004726,206144,32849,975630,210654,1057,29096,-4510,33730,1141303,248140,32613,1111684,253638,1117,29619,-5498,38663,1260796,285129,37367,1229230,291111,1296,31566,-5982,43643,1398966,322433,42012,1363562,329502,1631,35404,-7069,43643,1398966,322433,42012,1363562,329502,1631,35404,-7069
기타 서비스업,대구,67084,2052922,460628,65468,1990587,469995,1616,62335,-9367,65824,2318408,539878,64044,2249977,552674,1780,68431,-12796,72555,2509295,594497,70562,2428151,609459,1993,81144,-14962,80125,2668340,623169,77403,2564059,645781,2722,104281,-22612,80125,2668340,623169,77403,2564059,645781,2722,104281,-22612
기타 서비스업,경북,49465,1489765,316766,48211,1440565,325037,1254,49200,-8271,46309,1662488,364253,44978,1611798,372650,1331,50690,-8397,53672,1814584,414175,52116,1755191,425987,1556,59393,-11812,60786,1992193,467699,58663,1927788,480314,2123,64405,-12615,60786,1992193,467699,58663,1927788,480314,2123,64405,-12615
기타 서비스업,부산,101070,3112452,688935,98159,2986293,713738,2911,126159,-24803,96753,3449143,794160,93664,3318206,821194,3089,130937,-27034,109281,3919649,875236,105910,3780296,914168,3371,139353,-38932,121713,3997079,955203,116922,3839096,996496,4791,157983,-41293,121713,3997079,955203,116922,3839096,996496,4791,157983,-41293
기타 서비스업,울산,33067,996860,226368,32205,965656,233047,862,31204,-6679,31398,1123813,259208,30553,1091563,265505,845,32250,-6297,36402,1255333,300467,35417,1218218,308316,985,37115,-7849,40051,1296517,310283,38649,1254997,319396,1402,41520,-9113,40051,1296517,310283,38649,1254997,319396,1402,41520,-9113
기타 서비스업,경남,79073,2284519,491554,76603,2199266,508900,2470,85253,-17346,72561,2562397,569223,70178,2477226,589609,2383,85171,-20386,82027,10897742,634002,79315,10801713,661723,2712,96029,-27721,95285,3048708,701188,91548,2932276,730524,3737,116432,-29336,95285,3048708,701188,91548,2932276,730524,3737,116432,-29336
기타 서비스업,제주,15244,522960,111573,14742,493489,117956,502,29471,-6383,14680,616598,143380,14124,589730,150202,556,26868,-6822,16968,715517,170888,16297,683901,179511,671,31616,-8623,19212,763970,178305,18253,729039,187750,959,34931,-9445,19212,763970,178305,18253,729039,187750,959,34931,-9445

